Workbook
Name Cars: Misc!$A$4:$A$114

Sheet Steps Calculator
A1: INPUT | E1: OUTPUT - SUSPENSION
A2: Car selection | B2: Dodge Challenger SRT | C2: Wheelbase, m | E2: Springs stiffness | F2: Front springs | G2: Rear springs
A3: Engine selection | B3: Dodge Challenger SRT | C3: {=VLOOKUP($B$2, Misc!$A$4:$AF$114, 5, 0)} -> 2.934 | F3: ='Suspension calculator'!D4 -> 173.44062 | G3: ='Suspension calculator'!E4 -> 135.36205
A4: Weight, kg | B4: 1788 | C4: Front track width | E4: Dampers | F4: Front dampers | G4: Rear dampers
A5: Front weight distribution, % | B5: 56 | C5: {=VLOOKUP($B$2, Misc!$A$4:$AF$114, 6, 0)} -> 1.63 | E5: Bump | F5: ='Suspension calculator'!D16 -> 12274.637 | G5: ='Suspension calculator'!E16 -> 9579.7632
A6: Front wheel offset, cm | B6: 3 | C6: Rear track width | E6: Fast bump | F6: ='Suspension calculator'!D17 -> 6137.3184 | G6: ='Suspension calculator'!E17 -> 4789.8816
A7: Rear wheel offset, cm | B7: -3 | C7: {=VLOOKUP($B$2, Misc!$A$4:$AF$114, 7, 0)} -> 1.62 | E7: Rebound | F7: ='Suspension calculator'!D18 -> 27617.933 | G7: ='Suspension calculator'!E18 -> 21554.467
A8: Desired ride frequency (3 - 5) | B8: 3 | E8: Fast rebound | F8: ='Suspension calculator'!D19 -> 13808.966 | G8: ='Suspension calculator'!E19 -> 10777.234
A9: Desired roll gradient (0.02 - 0.7) | B9: 0.05 | C9: Real Y engine offset
A10: Wheel diameter, inches | B10: 20 | C10: {=(VLOOKUP($B$2, Misc!$A$4:$AF$114, 22, 0))+(VLOOKUP($B$3, Misc!$A$4:$AF$114, 31, 0))} -> 0.568 | D10: 1 | E10: Anti-roll bars | F10: FARB, kNm | G10: RARB, kNm
A11: Profile, % | B11: 40 | C11: Real Z engine offset | F11: ='Suspension calculator'!A38 -> -130.52599 | G11: ='Suspension calculator'!B38 -> -91.456983
A12: Tire width, mm | B12: 345 | C12: {=(VLOOKUP($B$2, Misc!$A$4:$AF$114, 23, 0))+(VLOOKUP($B$3, Misc!$A$4:$AF$114, 32, 0))} -> 2.021
A13: CoG height, inches | B13: 20 | E13: Weight transfer on acceleration, kg | G13: =B13*2.54/100/C3*B4*'Suspension calculator'!A43 -> 186.52476
A14: Acceleration, 0-100 km/h, s | B14: 4.7 | E14: Front weight distribution on acceleration | G14: ='Gearbox calculator'!R74 -> 0.45567966
A15: Max speed @ 118 m radius | B15: 140 | E15: Max longitudinal acceleration, g | G15: ='Gearbox calculator'!Q70 -> 0.60251155
A16: Drivetrain | B16: RWD/AWD | E16: Max lateral acceleration, g | G16: ='Suspension calculator'!B43 -> 1.3064739
A18: INPUT - TRANSMISSION
A19: Torque, Nm | B19: RPM | C19: Gear | D19: Ratio
A20: 410.8 | B20: 358 | C20: 1st | D20: 2.76
A21: 434.2 | B21: 626 | C21: 2nd | D21: 2
A22: 465.2 | B22: 893 | C22: 3rd | D22: 1.5
A23: 514.8 | B23: 1161 | C23: 4th | D23: 1.15
A24: 578.1 | B24: 1428 | C24: 5th | D24: 1
A25: 646.8 | B25: 1696 | C25: 6th | D25: 0.9
A26: 720 | B26: 1963 | C26: 7th
A27: 800.1 | B27: 2231 | C27: 8th
A28: 888.8 | B28: 2498 | C28: Final drive | D28: 3
A29: 977 | B29: 2766
A30: 1050.9 | B30: 3033
A31: 1098.3 | B31: 3301
A32: 1125.5 | B32: 3568
A33: 1149.3 | B33: 3836
A34: 1171.5 | B34: 4103
A35: 1194.4 | B35: 4371
A36: 1215.3 | B36: 4638
A37: 1230.8 | B37: 4906
A38: 1239.1 | B38: 5173
A39: 1239.1 | B39: 5441
A40: 1221.2 | B40: 5708
... A49: 839.6 | B49: 8116

Sheet 3, 4 & 8 speed gearboxes
A1: Gearboxes
A2: Car | B2: A90 | D2: A90C | F2: RS6 | H2: SRT8 | J2: C7 | L2: M5 | N2: Vantage | P2: X5M
A3: FD | B3: 1.56 | C3: 3.72 | D3: 1.56 | E3: 3.72 | F3: 1.6 | G3: 3.82 | H3: 1.6 | I3: 3.82 | J3: 1.25 | K3: 2.98 | L3: 2.16 | M3: 5.15 | N3: 2.19 | O3: 5.21 | P3: 2.16 | Q3: 5.15
A4: 1 | B4: 3.57 | C4: 7.35 | D4: 3.57 | E4: 7.35 | F4: 3.2 | G4: 6.59 | H4: 3.2 | I4: 6.59 | J4: 3.1 | K4: 6.38 | L4: 3.4 | M4: 7 | N4: 3.2 | O4: 6.59 | P4: 3.4 | Q4: 7
A5: 2 | B5: 2.28 | C5: 4.7 | D5: 2.28 | E5: 4.7 | F5: 2.14 | G5: 4.4 | H5: 2.14 | I5: 4.4 | J5: 2.02 | K5: 4.16 | L5: 2.18 | M5: 4.48 | N5: 2.14 | O5: 4.4 | P5: 2.18 | Q5: 4.48
A6: 3 | B6: 1.48 | C6: 3.04 | D6: 1.48 | E6: 3.04 | F6: 1.43 | G6: 2.95 | H6: 1.43 | I6: 2.94 | J6: 1.41 | K6: 2.91 | L6: 1.46 | M6: 3 | N6: 1.43 | O6: 2.95 | P6: 1.46 | Q6: 3
A7: 4 | B7: 1.17 | C7: 2.41 | D7: 1.17 | E7: 2.41 | F7: 1.14 | G7: 2.34 | H7: 1.14 | I7: 2.34 | J7: 1.15 | K7: 2.37 | L7: 1.17 | M7: 2.41 | N7: 1.14 | O7: 2.34 | P7: 1.17 | Q7: 2.41
A8: 5 | B8: 0.9 | C8: 1.85 | D8: 0.9 | E8: 1.85 | F8: 0.87 | G8: 1.79 | H8: 0.88 | I8: 1.81 | J8: 0.86 | K8: 1.78 | L8: 0.89 | M8: 1.83 | N8: 0.87 | O8: 1.79 | P8: 0.89 | Q8: 1.83
A9: 6 | B9: 0.78 | C9: 1.61 | D9: 0.68 | E9: 1.4 | F9: 0.68 | G9: 1.4 | H9: 0.68 | I9: 1.4 | J9: 0.68 | K9: 1.4 | L9: 0.68 | M9: 1.4 | N9: 0.68 | O9: 1.4 | P9: 0.68 | Q9: 1.4
A10: 7 | B10: 0.6 | C10: 1.23 | D10: 0.56 | E10: 1.15 | F10: 0.57 | G10: 1.18 | H10: 0.57 | I10: 1.18 | J10: 0.58 | K10: 1.2 | L10: 0.56 | M10: 1.15 | N10: 0.57 | O10: 1.18 | P10: 0.56 | Q10: 1.15
A11: 8 | B11: 0.54 | C11: 1.11 | D11: 0.44 | E11: 0.9 | F11: 0.46 | G11: 0.94 | H11: 0.46 | I11: 0.94 | J11: 0.44 | K11: 0.91 | L11: 0.44 | M11: 0.9 | N11: 0.49 | O11: 1.01 | P11: 0.44 | Q11: 0.9
A12: R | B12: 2.52 | C12: 5.19 | D12: 2.52 | E12: 5.19 | F12: 2.26 | G12: 4.65 | H12: 2.24 | I12: 4.62 | J12: 2.6 | K12: 5.35 | L12: 2.37 | M12: 4.87 | N12: 2.26 | O12: 4.65 | P12: 2.37 | Q12: 4.87
P13: YOUR AD COULD BE HERE!
A19: Gearboxes
A20: Car | B20: 190 | D20: Van | F20: Firebird | H20: Charger RT | J20: VAZ 2108 | L20: Camaro 2nd gen
A21: FD | B21: 1.6 | C21: 3.81 | D21: 2.13 | E21: 5.08 | F21: 1.42 | G21: 3.38 | H21: 1.68 | I21: 4 | J21: 2.15 | K21: 5.12 | L21: 1.84 | M21: 4.4
A22: 1 | B22: 2.89 | C22: 5.95 | D22: 1.99 | E22: 4.09 | F22: 1.5 | G22: 3.08 | H22: 1.8 | I22: 3.71 | J22: 2.31 | K22: 4.76 | L22: 1.69 | M22: 3.47
A23: 2 | B23: 1.64 | C23: 3.37 | D23: 1.06 | E23: 2.18 | F23: 1.12 | G23: 2.3 | H23: 1.31 | I23: 2.7 | J23: 1.33 | K23: 2.73 | L23: 1.01 | M23: 2.07
A24: 3 | B24: 1.01 | C24: 2.09 | D24: 0.68 | E24: 1.4 | F24: 0.87 | G24: 1.79 | H24: 0.95 | I24: 1.95 | J24: 0.92 | K24: 1.9 | L24: 0.68 | M24: 1.4
A25: 4 | B25: 0.68 | C25: 1.4 | D25: 0.48 | E25: 0.98 | F25: 0.68 | G25: 1.4 | H25: 0.68 | I25: 1.4 | J25: 0.64 | K25: 1.32 | L25: - | M25: -
A26: R | B26: 3.86 | C26: 7.94 | D26: 1.62 | E26: 3.33 | F26: 1.54 | G26: 3.18 | H26: 1.5 | I26: 3.08 | J26: 2.4 | K26: 4.94 | L26: 1.41 | M26: 2.91

Sheet Suspension calculator
A1: Springs & Dampers
A3: Weight of the car, W, kg | C3: Wheel weight, kg | D3: Front spring stiffness, Ks | E3: Rear spring stiffness, Ks
A4: ='Steps Calculator'!B4 -> 1788 | C4: 12 | D4: =4*3.14^2*A13^2*A10/1000 -> 173.44062 | E4: =4*3.14^2*A13^2*B10/1000 -> 135.36205
A5: Front weight, %, kg | B5: Rear weight, %, kg | D5: K = 4 x π^2 x f^2 x m
A6: ='Steps Calculator'!B5/100 -> 0.56 | B6: =1-A6 -> 0.44
A7: =A4*A6 -> 1001.28 | B7: =A4*B6 -> 786.72 | D7: Crit damping force front | E7: Crit damping force rear
D8: =2*SQRT(D4*1000*A10) -> 18411.955 | E8: =2*SQRT(E4*1000*B10) -> 14369.645
A9: Front sprung mass, m | B9: Rear sprung mass, m | D9: Ccrit = 2 x SQRT(K x m)
A10: =A7/2-C4 -> 488.64 | B10: =B7/2-C4 -> 381.36
D11: Damping force front, C | E11: Damping force rear, C
A12: Ride frequency, f | B12: Damping ratio, ζ | D12: =D8*B13 -> 18411.955 | E12: =E8*B13 -> 14369.645
A13: ='Steps Calculator'!B8 -> 3 | B13: 1 | D13: C = Ccrit x ζ
A15: f values for racecars | B15: ζ values for racecars | D15: Front dampers | E15: Rear dampers
A16: 3,0 - 5,0+ Hz | B16: 0,65+ | C16: Bump C x 2/3 | D16: =D12*2/3 -> 12274.637 | E16: =E12*2/3 -> 9579.7632
C17: Fast bump C x 1/3 | D17: =D12*1/3 -> 6137.3184 | E17: =E12*1/3 -> 4789.8816
A18: Acceleration time, s | C18: Rebound C x 3/2 | D18: =D12*3/2 -> 27617.933 | E18: =E12*3/2 -> 21554.467
A19: ='Steps Calculator'!B14 -> 4.7 | C19: Fast rebound C x 3/4 | D19: =D12*3/4 -> 13808.966 | E19: =E12*3/4 -> 10777.234
A21: Anti-roll bars
A23: Roll center to CoG, H, m | B23: Front track width, t, m | C23: Rear track width, t, m | D23: φ/Ay, desired roll gradient | E23: Magic number, Nmag
A24: 0.3 | B24: ='Steps Calculator'!C5+'Steps Calculator'!B6/100 -> 1.66 | C24: ='Steps Calculator'!C7+'Steps Calculator'!B7/100 -> 1.59 | D24: ='Steps Calculator'!B9 -> 0.05 | E24: =A6*1.05*100 -> 58.8
B25: =(B24+C24)/2 -> 1.625
A27: Front wheel rate, Kw | B27: Rear wheel rate, Kw | C27: Tire rate, Kt, N | D27: KφDES, desired roll rate
A28: =D4*1000 -> 173440.62 | B28: =E4*1000 -> 135362.05 | C28: =35*9.80665*1000 -> 343232.75 | D28: =A4*A24/D24 -> 10728
A29: =(A28+B28)/2 -> 154401.34
A31: Total roll rate KφA, Nm/deg | C31: KφDES = W x H / (φ/Ay) KφA = π / 180 x (KφDES x Kt x (t^2 / 2)) / ((Kt x (t^2 / 2) x π / 180 - KφDES) - (π x Kw x (t^2 / 2) / 180) KφFA = KφA x Nmag / 100 KφRA = KφA x (100 - Nmag) / 100 ARB = KφF(R)A * π / (180 * t^2)
A32: =(3.14/180)*(D28*C28*(B25^2/2))/(C28*(B25^2/2)*3.14/180-D28)-(3.14*A29*B25^2/2)/180 -> -33602.318
A34: FARB KφFA, Nm/deg | B34: RARB KφRA, Nm/deg
A35: =A32*E24/100 -> -19758.163 | B35: =A32*(100-E24)/100 -> -13844.155
A37: FARB, kNm | B37: RARB, kNm
A38: =A35*3.14/(180*B25^2) -> -130.52599 | B38: =B35*3.14/(180*B25^2) -> -91.456983
A40: Acceleration
A42: Long acceleration calc, g | B42: Lat acceleration calc, g
A43: =(27.78-0)/A19/9.81 -> 0.60251155 | B43: =('Steps Calculator'!B15*0.277778)^2/(118*9.81) -> 1.3064739
A44: a = (vf - vs) / dt | B44: Aa = V^2 / R x g

Sheet Gearbox calculator
A1: Torque | B1: HP | C1: RPM | D1: 1st | E1: 2nd | F1: 3rd | G1: 4th | H1: 5th | I1: 6th | J1: 7th | K1: 8th | L1: FD
D2: ='Steps Calculator'!D20 -> 2.76 | E2: ='Steps Calculator'!D21 -> 2 | F2: ='Steps Calculator'!D22 -> 1.5 | G2: ='Steps Calculator'!D23 -> 1.15 | H2: ='Steps Calculator'!D24 -> 1 | I2: ='Steps Calculator'!D25 -> 0.9 | J2: ='Steps Calculator'!D26 | K2: ='Steps Calculator'!D27 | L2: ='Steps Calculator'!D28 -> 3
D3: =D2*$L$2 -> 8.28 | E3: =E2*$L$2 -> 6 | F3: =F2*$L$2 -> 4.5 | G3: =G2*$L$2 -> 3.45 | H3: =H2*$L$2 -> 3 | I3: =I2*$L$2 -> 2.7 | J3: =J2*$L$2 -> 0 | K3: =K2*$L$2 -> 0
A4: ='Steps Calculator'!A20 -> 410.8 | B4: =A4*C4/9549*1.34102 -> 20.653365 | C4: ='Steps Calculator'!B20 -> 358 | D4: =A4*$D$3 -> 3401.424 | E4: =A4*$E$3 -> 2464.8 | F4: =A4*$F$3 -> 1848.6 | G4: =A4*$G$3 -> 1417.26 | H4: =A4*$H$3 -> 1232.4 | I4: =A4*$I$3 -> 1109.16 | J4: =A4*$J$3 -> 0 | K4: =A4*$K$3 -> 0
A5: ='Steps Calculator'!A21 -> 434.2 | B5: =A5*C5/9549*1.34102 -> 38.171701 | C5: ='Steps Calculator'!B21 -> 626 | D5: =A5*$D$3 -> 3595.176 | E5: =A5*$E$3 -> 2605.2 | F5: =A5*$F$3 -> 1953.9 | G5: =A5*$G$3 -> 1497.99 | H5: =A5*$H$3 -> 1302.6 | I5: =A5*$I$3 -> 1172.34 | J5: =A5*$J$3 -> 0 | K5: =A5*$K$3 -> 0
A6: ='Steps Calculator'!A22 -> 465.2 | B6: =A6*C6/9549*1.34102 -> 58.340282 | C6: ='Steps Calculator'!B22 -> 893 | D6: =A6*$D$3 -> 3851.856 | E6: =A6*$E$3 -> 2791.2 | F6: =A6*$F$3 -> 2093.4 | G6: =A6*$G$3 -> 1604.94 | H6: =A6*$H$3 -> 1395.6 | I6: =A6*$I$3 -> 1256.04 | J6: =A6*$J$3 -> 0 | K6: =A6*$K$3 -> 0
A7: ='Steps Calculator'!A23 -> 514.8 | B7: =A7*C7/9549*1.34102 -> 83.935971 | C7: ='Steps Calculator'!B23 -> 1161 | D7: =A7*$D$3 -> 4262.544 | E7: =A7*$E$3 -> 3088.8 | F7: =A7*$F$3 -> 2316.6 | G7: =A7*$G$3 -> 1776.06 | H7: =A7*$H$3 -> 1544.4 | I7: =A7*$I$3 -> 1389.96 | J7: =A7*$J$3 -> 0 | K7: =A7*$K$3 -> 0
A8: ='Steps Calculator'!A24 -> 578.1 | B8: =A8*C8/9549*1.34102 -> 115.93339 | C8: ='Steps Calculator'!B24 -> 1428 | D8: =A8*$D$3 -> 4786.668 | E8: =A8*$E$3 -> 3468.6 | F8: =A8*$F$3 -> 2601.45 | G8: =A8*$G$3 -> 1994.445 | H8: =A8*$H$3 -> 1734.3 | I8: =A8*$I$3 -> 1560.87 | J8: =A8*$J$3 -> 0 | K8: =A8*$K$3 -> 0
A9: ='Steps Calculator'!A25 -> 646.8 | B9: =A9*C9/9549*1.34102 -> 154.05409 | C9: ='Steps Calculator'!B25 -> 1696 | D9: =A9*$D$3 -> 5355.504 | E9: =A9*$E$3 -> 3880.8 | F9: =A9*$F$3 -> 2910.6 | G9: =A9*$G$3 -> 2231.46 | H9: =A9*$H$3 -> 1940.4 | I9: =A9*$I$3 -> 1746.36 | J9: =A9*$J$3 -> 0 | K9: =A9*$K$3 -> 0
A10: ='Steps Calculator'!A26 -> 720 | B10: =A10*C10/9549*1.34102 -> 198.48613 | C10: ='Steps Calculator'!B26 -> 1963 | D10: =A10*$D$3 -> 5961.6 | E10: =A10*$E$3 -> 4320 | F10: =A10*$F$3 -> 3240 | G10: =A10*$G$3 -> 2484 | H10: =A10*$H$3 -> 2160 | I10: =A10*$I$3 -> 1944 | J10: =A10*$J$3 -> 0 | K10: =A10*$K$3 -> 0
A11: ='Steps Calculator'!A27 -> 800.1 | B11: =A11*C11/9549*1.34102 -> 250.68088 | C11: ='Steps Calculator'!B27 -> 2231 | D11: =A11*$D$3 -> 6624.828 | E11: =A11*$E$3 -> 4800.6 | F11: =A11*$F$3 -> 3600.45 | G11: =A11*$G$3 -> 2760.345 | H11: =A11*$H$3 -> 2400.3 | I11: =A11*$I$3 -> 2160.27 | J11: =A11*$J$3 -> 0 | K11: =A11*$K$3 -> 0
A12: ='Steps Calculator'!A28 -> 888.8 | B12: =A12*C12/9549*1.34102 -> 311.79837 | C12: ='Steps Calculator'!B28 -> 2498 | D12: =A12*$D$3 -> 7359.264 | E12: =A12*$E$3 -> 5332.8 | F12: =A12*$F$3 -> 3999.6 | G12: =A12*$G$3 -> 3066.36 | H12: =A12*$H$3 -> 2666.4 | I12: =A12*$I$3 -> 2399.76 | J12: =A12*$J$3 -> 0 | K12: =A12*$K$3 -> 0
A13: ='Steps Calculator'!A29 -> 977 | B13: =A13*C13/9549*1.34102 -> 379.51077 | C13: ='Steps Calculator'!B29 -> 2766 | D13: =A13*$D$3 -> 8089.56 | E13: =A13*$E$3 -> 5862 | F13: =A13*$F$3 -> 4396.5 | G13: =A13*$G$3 -> 3370.65 | H13: =A13*$H$3 -> 2931 | I13: =A13*$I$3 -> 2637.9 | J13: =A13*$J$3 -> 0 | K13: =A13*$K$3 -> 0
A14: ='Steps Calculator'!A30 -> 1050.9 | B14: =A14*C14/9549*1.34102 -> 447.62173 | C14: ='Steps Calculator'!B30 -> 3033 | D14: =A14*$D$3 -> 8701.452 | E14: =A14*$E$3 -> 6305.4 | F14: =A14*$F$3 -> 4729.05 | G14: =A14*$G$3 -> 3625.605 | H14: =A14*$H$3 -> 3152.7 | I14: =A14*$I$3 -> 2837.43 | J14: =A14*$J$3 -> 0 | K14: =A14*$K$3 -> 0
A15: ='Steps Calculator'!A31 -> 1098.3 | B15: =A15*C15/9549*1.34102 -> 509.1478 | C15: ='Steps Calculator'!B31 -> 3301 | D15: =A15*$D$3 -> 9093.924 | E15: =A15*$E$3 -> 6589.8 | F15: =A15*$F$3 -> 4942.35 | G15: =A15*$G$3 -> 3789.135 | H15: =A15*$H$3 -> 3294.9 | I15: =A15*$I$3 -> 2965.41 | J15: =A15*$J$3 -> 0 | K15: =A15*$K$3 -> 0
... A33: ='Steps Calculator'!A49 -> 839.6 | B33: =A33*C33/9549*1.34102 -> 956.95569 | C33: ='Steps Calculator'!B49 -> 8116 | D33: =A33*$D$3 -> 6951.888 | E33: =A33*$E$3 -> 5037.6 | F33: =A33*$F$3 -> 3778.2 | G33: =A33*$G$3 -> 2896.62 | H33: =A33*$H$3 -> 2518.8 | I33: =A33*$I$3 -> 2266.92 | J33: =A33*$J$3 -> 0 | K33: =A33*$K$3 -> 0
A35: RPM * 60 * Circumference / 63360 / Drive | H35: Tire width | I35: Profile % | J35: 1 inch to mm | K35: Rim D | L35: π | M35: Circumference
H36: ='Steps Calculator'!B12 -> 345 | I36: ='Steps Calculator'!B11/100 -> 0.4 | J36: 25.4 | K36: ='Steps Calculator'!B10 -> 20 | L36: 3.14 | M36: =(H36*I36/J36*2+K36)*L36 -> 96.919685
A37: Peak HP RPM | B37: =IFERROR(__xludf.DUMMYFUNCTION("FILTER(C4:C33,B4:B33=MAX(B4:B33))"),6778.0) -> 6778 | H37: Wheel radius | I37: =(H36*I36/J36*2+K36)*2.54/2/100 -> 0.392
A39: RPM | B39: Speed kph | C39: 1 TQ | D39: 2 TQ | E39: 3 TQ | F39: 4 TQ | G39: 5 TQ | H39: 6 TQ | I39: 7 TQ | J39: 8 TQ | K39: Traction curve | L39: Traction limit
A40: =C4 -> 358 | B40: =A40*60*$M$36/63360/$D$3*1.60934 -> 6.3862891 | C40: =D4 -> 3401.424 | K40: =IF(A40=$B$37,C40,"") | L40: =IF('Steps Calculator'!B16="RWD/AWD",O77,P77) -> 6871.4727
A41: =C5 -> 626 | B41: =A41*60*$M$36/63360/$D$3*1.60934 -> 11.167086 | C41: =D5 -> 3595.176 | K41: =IF(A41=$B$37,C41,"")
A42: =C6 -> 893 | B42: =A42*60*$M$36/63360/$D$3*1.60934 -> 15.930045 | C42: =D6 -> 3851.856 | K42: =IF(A42=$B$37,C42,"")
A43: =C7 -> 1161 | B43: =A43*60*$M$36/63360/$D$3*1.60934 -> 20.710842 | C43: =D7 -> 4262.544 | K43: =IF(A43=$B$37,C43,"")
A44: =C8 -> 1428 | B44: =A44*60*$M$36/63360/$D$3*1.60934 -> 25.473801 | C44: =D8 -> 4786.668 | K44: =IF(A44=$B$37,C44,"")
A45: =C9 -> 1696 | B45: =A45*60*$M$36/63360/$D$3*1.60934 -> 30.254598 | C45: =D9 -> 5355.504 | K45: =IF(A45=$B$37,C45,"")
A46: =C10 -> 1963 | B46: =A46*60*$M$36/63360/$D$3*1.60934 -> 35.017557 | C46: =D10 -> 5961.6 | K46: =IF(A46=$B$37,C46,"")
A47: =C11 -> 2231 | B47: =A47*60*$M$36/63360/$D$3*1.60934 -> 39.798354 | C47: =D11 -> 6624.828 | K47: =IF(A47=$B$37,C47,"")
A48: =C12 -> 2498 | B48: =A48*60*$M$36/63360/$D$3*1.60934 -> 44.561313 | C48: =D12 -> 7359.264 | K48: =IF(A48=$B$37,C48,"")
A49: =C13 -> 2766 | B49: =A49*60*$M$36/63360/$D$3*1.60934 -> 49.34211 | C49: =D13 -> 8089.56 | K49: =IF(A49=$B$37,C49,"")
A50: =C14 -> 3033 | B50: =A50*60*$M$36/63360/$D$3*1.60934 -> 54.105069 | C50: =D14 -> 8701.452 | K50: =IF(A50=$B$37,C50,"")
A51: =C15 -> 3301 | B51: =A51*60*$M$36/63360/$D$3*1.60934 -> 58.885866 | C51: =D15 -> 9093.924 | K51: =IF(A51=$B$37,C51,"")
A52: =C16 -> 3568 | B52: =A52*60*$M$36/63360/$D$3*1.60934 -> 63.648825 | C52: =D16 -> 9319.14 | K52: =IF(A52=$B$37,C52,"")
... A64: =C28 -> 6778 | B64: =A64*60*$M$36/63360/$D$3*1.60934 -> 120.91136 | C64: =D28 -> 8851.32 | K64: =IF(A64=$B$37,C64,"") -> 8851.32
A65: =C29 -> 7046 | B65: =A65*60*$M$36/63360/$D$3*1.60934 -> 125.69216 | C65: =D29 -> 8511.012 | K65: =IF(A65=$B$37,C65,"") | O65: CoG height in | P65: CoG height m | Q65: Wheelbase m | R65: Mass kg, (m) | S65: Weight bias (%) | T65: Wheel (R) | U65: Fric. coef. (µ) | V65: Street | W65: 1.12
A66: =C30 -> 7313 | B66: =A66*60*$M$36/63360/$D$3*1.60934 -> 130.45512 | C66: =D30 -> 8180.64 | K66: =IF(A66=$B$37,C66,"") | O66: ='Steps Calculator'!B13 -> 20 | P66: =O66*2.54/100 -> 0.508 | Q66: ='Steps Calculator'!C3 -> 2.934 | R66: ='Steps Calculator'!B4 -> 1788 | S66: ='Steps Calculator'!B5/100 -> 0.56 | T66: =I37 -> 0.392 | U66: =W71*W70 -> 1.836 | V66: Street+ | W66: 1.16
A67: =C31 -> 7581 | B67: =A67*60*$M$36/63360/$D$3*1.60934 -> 135.23591 | C67: =D31 -> 7826.256 | K67: =IF(A67=$B$37,C67,"") | V67: Sport | W67: 1.4
A68: =C32 -> 7849 | B68: =A68*60*$M$36/63360/$D$3*1.60934 -> 140.01671 | C68: =D32 -> 7413.912 | K68: =IF(A68=$B$37,C68,"") | V68: Sport+ | W68: 1.45
A69: =C33 -> 8116 | B69: =A69*60*$M$36/63360/$D$3*1.60934 -> 144.77967 | C69: =D33 -> 6951.888 | K69: =IF(A69=$B$37,C69,"") | O69: Front weight | P69: Rear weight | Q69: Acceleration, g | V69: Racing | W69: 1.7
A70: =C4 -> 358 | B70: =A40*60*$M$36/63360/$E$3*1.60934 -> 8.8130789 | D70: =E4 -> 2464.8 | K70: =IF(A70=$B$37,D70,"") | O70: =R66*S66 -> 1001.28 | P70: =R66-O70 -> 786.72 | Q70: ='Suspension calculator'!A43 -> 0.60251155 | V70: Racing+ | W70: 1.7
A71: =C5 -> 626 | B71: =A41*60*$M$36/63360/$E$3*1.60934 -> 15.410579 | D71: =E5 -> 2605.2 | K71: =IF(A71=$B$37,D71,"") | V71: Tyres friction | W71: 1.08
A72: =C6 -> 893 | B72: =A42*60*$M$36/63360/$E$3*1.60934 -> 21.983462 | D72: =E6 -> 2791.2 | K72: =IF(A72=$B$37,D72,"")
A73: =C7 -> 1161 | B73: =A43*60*$M$36/63360/$E$3*1.60934 -> 28.580963 | D73: =E7 -> 3088.8 | K73: =IF(A73=$B$37,D73,"") | O73: Weight transfer | P73: Front weight d | Q73: Rear weight d | R73: Front bias % | S73: Rear bias %
A74: =C8 -> 1428 | B74: =A44*60*$M$36/63360/$E$3*1.60934 -> 35.153845 | D74: =E8 -> 3468.6 | K74: =IF(A74=$B$37,D74,"") | O74: =P66/Q66*R66*Q70 -> 186.52476 | P74: =O70-O74 -> 814.75524 | Q74: =R66-P74 -> 973.24476 | R74: =P74/R66 -> 0.45567966 | S74: =Q74/R66 -> 0.54432034
A75: =C9 -> 1696 | B75: =A45*60*$M$36/63360/$E$3*1.60934 -> 41.751346 | D75: =E9 -> 3880.8 | K75: =IF(A75=$B$37,D75,"")
A76: =C10 -> 1963 | B76: =A46*60*$M$36/63360/$E$3*1.60934 -> 48.324229 | D76: =E10 -> 4320 | K76: =IF(A76=$B$37,D76,"") | O76: Ffr=%mgµ, RWD | P76: Ffr=%mgµ, FWD
A77: =C11 -> 2231 | B77: =A47*60*$M$36/63360/$E$3*1.60934 -> 54.921729 | D77: =E11 -> 4800.6 | K77: =IF(A77=$B$37,D77,"") | O77: =Q74*9.81*U66*T66 -> 6871.4727 | P77: =P74*9.81*U66*T66 -> 5752.4773
A78: =C12 -> 2498 | B78: =A48*60*$M$36/63360/$E$3*1.60934 -> 61.494612 | D78: =E12 -> 5332.8 | K78: =IF(A78=$B$37,D78,"")
A79: =C13 -> 2766 | B79: =A49*60*$M$36/63360/$E$3*1.60934 -> 68.092112 | D79: =E13 -> 5862 | K79: =IF(A79=$B$37,D79,"")
A80: =C14 -> 3033 | B80: =A50*60*$M$36/63360/$E$3*1.60934 -> 74.664995 | D80: =E14 -> 6305.4 | K80: =IF(A80=$B$37,D80,"")
A81: =C15 -> 3301 | B81: =A51*60*$M$36/63360/$E$3*1.60934 -> 81.262496 | D81: =E15 -> 6589.8 | K81: =IF(A81=$B$37,D81,"")
A82: =C16 -> 3568 | B82: =A52*60*$M$36/63360/$E$3*1.60934 -> 87.835378 | D82: =E16 -> 6753 | K82: =IF(A82=$B$37,D82,"")
A83: =C17 -> 3836 | B83: =A53*60*$M$36/63360/$E$3*1.60934 -> 94.432879 | D83: =E17 -> 6895.8 | K83: =IF(A83=$B$37,D83,"")
A84: =C18 -> 4103 | B84: =A54*60*$M$36/63360/$E$3*1.60934 -> 101.00576 | D84: =E18 -> 7029 | K84: =IF(A84=$B$37,D84,"")
A85: =C19 -> 4371 | B85: =A55*60*$M$36/63360/$E$3*1.60934 -> 107.60326 | D85: =E19 -> 7166.4 | K85: =IF(A85=$B$37,D85,"")
A86: =C20 -> 4638 | B86: =A56*60*$M$36/63360/$E$3*1.60934 -> 114.17615 | D86: =E20 -> 7291.8 | K86: =IF(A86=$B$37,D86,"") | N86: RPM | O86: 1st gear | P86: 2nd gear | Q86: 3rd gear | R86: 4th gear | S86: 5th gear | T86: 6th gear | U86: 7th gear | V86: 8th gear
A87: =C21 -> 4906 | B87: =A57*60*$M$36/63360/$E$3*1.60934 -> 120.77365 | D87: =E21 -> 7384.8 | K87: =IF(A87=$B$37,D87,"") | N87: =C4 -> 358 | O87: =C4*60*$M$36/63360/$D$3*1.60934 -> 6.3862891 | P87: =C4*60*$M$36/63360/$E$3*1.60934 -> 8.8130789 | Q87: =C4*60*$M$36/63360/$F$3*1.60934 -> 11.750772 | R87: =C4*60*$M$36/63360/$G$3*1.60934 -> 15.327094 | S87: =C4*60*$M$36/63360/$H$3*1.60934 -> 17.626158 | T87: =C4*60*$M$36/63360/$I$3*1.60934 -> 19.58462 | U87: =C4*60*$M$36/63360/$J$3*1.60934 -> #DIV/0! | V87: =C4*60*$M$36/63360/$K$3*1.60934 -> #DIV/0!
A88: =C22 -> 5173 | B88: =A58*60*$M$36/63360/$E$3*1.60934 -> 127.34653 | D88: =E22 -> 7434.6 | K88: =IF(A88=$B$37,D88,"") | N88: =C5 -> 626 | O88: =C5*60*$M$36/63360/$D$3*1.60934 -> 11.167086 | P88: =C5*60*$M$36/63360/$E$3*1.60934 -> 15.410579 | Q88: =C5*60*$M$36/63360/$F$3*1.60934 -> 20.547439 | R88: =C5*60*$M$36/63360/$G$3*1.60934 -> 26.801007 | S88: =C5*60*$M$36/63360/$H$3*1.60934 -> 30.821159 | T88: =C5*60*$M$36/63360/$I$3*1.60934 -> 34.245732 | U88: =C5*60*$M$36/63360/$J$3*1.60934 -> #DIV/0! | V88: =C5*60*$M$36/63360/$K$3*1.60934 -> #DIV/0!
A89: =C23 -> 5441 | B89: =A59*60*$M$36/63360/$E$3*1.60934 -> 133.94403 | D89: =E23 -> 7434.6 | K89: =IF(A89=$B$37,D89,"") | N89: =C6 -> 893 | O89: =C6*60*$M$36/63360/$D$3*1.60934 -> 15.930045 | P89: =C6*60*$M$36/63360/$E$3*1.60934 -> 21.983462 | Q89: =C6*60*$M$36/63360/$F$3*1.60934 -> 29.311283 | R89: =C6*60*$M$36/63360/$G$3*1.60934 -> 38.232108 | S89: =C6*60*$M$36/63360/$H$3*1.60934 -> 43.966924 | T89: =C6*60*$M$36/63360/$I$3*1.60934 -> 48.852138 | U89: =C6*60*$M$36/63360/$J$3*1.60934 -> #DIV/0! | V89: =C6*60*$M$36/63360/$K$3*1.60934 -> #DIV/0!
A90: =C24 -> 5708 | B90: =A60*60*$M$36/63360/$E$3*1.60934 -> 140.51691 | D90: =E24 -> 7327.2 | K90: =IF(A90=$B$37,D90,"") | N90: =C7 -> 1161 | O90: =C7*60*$M$36/63360/$D$3*1.60934 -> 20.710842 | P90: =C7*60*$M$36/63360/$E$3*1.60934 -> 28.580963 | Q90: =C7*60*$M$36/63360/$F$3*1.60934 -> 38.10795 | R90: =C7*60*$M$36/63360/$G$3*1.60934 -> 49.706022 | S90: =C7*60*$M$36/63360/$H$3*1.60934 -> 57.161925 | T90: =C7*60*$M$36/63360/$I$3*1.60934 -> 63.51325 | U90: =C7*60*$M$36/63360/$J$3*1.60934 -> #DIV/0! | V90: =C7*60*$M$36/63360/$K$3*1.60934 -> #DIV/0!
A91: =C25 -> 5976 | B91: =A61*60*$M$36/63360/$E$3*1.60934 -> 147.11441 | D91: =E25 -> 7138.2 | K91: =IF(A91=$B$37,D91,"") | N91: =C8 -> 1428 | O91: =C8*60*$M$36/63360/$D$3*1.60934 -> 25.473801 | P91: =C8*60*$M$36/63360/$E$3*1.60934 -> 35.153845 | Q91: =C8*60*$M$36/63360/$F$3*1.60934 -> 46.871794 | R91: =C8*60*$M$36/63360/$G$3*1.60934 -> 61.137122 | S91: =C8*60*$M$36/63360/$H$3*1.60934 -> 70.307691 | T91: =C8*60*$M$36/63360/$I$3*1.60934 -> 78.119657 | U91: =C8*60*$M$36/63360/$J$3*1.60934 -> #DIV/0! | V91: =C8*60*$M$36/63360/$K$3*1.60934 -> #DIV/0!
A92: =C26 -> 6243 | B92: =A62*60*$M$36/63360/$E$3*1.60934 -> 153.68729 | D92: =E26 -> 6907.2 | K92: =IF(A92=$B$37,D92,"") | N92: =C9 -> 1696 | O92: =C9*60*$M$36/63360/$D$3*1.60934 -> 30.254598 | P92: =C9*60*$M$36/63360/$E$3*1.60934 -> 41.751346 | Q92: =C9*60*$M$36/63360/$F$3*1.60934 -> 55.668461 | R92: =C9*60*$M$36/63360/$G$3*1.60934 -> 72.611036 | S92: =C9*60*$M$36/63360/$H$3*1.60934 -> 83.502692 | T92: =C9*60*$M$36/63360/$I$3*1.60934 -> 92.780769 | U92: =C9*60*$M$36/63360/$J$3*1.60934 -> #DIV/0! | V92: =C9*60*$M$36/63360/$K$3*1.60934 -> #DIV/0!
A93: =C27 -> 6511 | B93: =A63*60*$M$36/63360/$E$3*1.60934 -> 160.2848 | D93: =E27 -> 6662.4 | K93: =IF(A93=$B$37,D93,"") | N93: =C10 -> 1963 | O93: =C10*60*$M$36/63360/$D$3*1.60934 -> 35.017557 | P93: =C10*60*$M$36/63360/$E$3*1.60934 -> 48.324229 | Q93: =C10*60*$M$36/63360/$F$3*1.60934 -> 64.432305 | R93: =C10*60*$M$36/63360/$G$3*1.60934 -> 84.042137 | S93: =C10*60*$M$36/63360/$H$3*1.60934 -> 96.648457 | T93: =C10*60*$M$36/63360/$I$3*1.60934 -> 107.38717 | U93: =C10*60*$M$36/63360/$J$3*1.60934 -> #DIV/0! | V93: =C10*60*$M$36/63360/$K$3*1.60934 -> #DIV/0!
A94: =C28 -> 6778 | B94: =A64*60*$M$36/63360/$E$3*1.60934 -> 166.85768 | D94: =E28 -> 6414 | K94: =IF(A94=$B$37,D94,"") -> 6414 | N94: =C11 -> 2231 | O94: =C11*60*$M$36/63360/$D$3*1.60934 -> 39.798354 | P94: =C11*60*$M$36/63360/$E$3*1.60934 -> 54.921729 | Q94: =C11*60*$M$36/63360/$F$3*1.60934 -> 73.228972 | R94: =C11*60*$M$36/63360/$G$3*1.60934 -> 95.516051 | S94: =C11*60*$M$36/63360/$H$3*1.60934 -> 109.84346 | T94: =C11*60*$M$36/63360/$I$3*1.60934 -> 122.04829 | U94: =C11*60*$M$36/63360/$J$3*1.60934 -> #DIV/0! | V94: =C11*60*$M$36/63360/$K$3*1.60934 -> #DIV/0!
A95: =C29 -> 7046 | B95: =A65*60*$M$36/63360/$E$3*1.60934 -> 173.45518 | D95: =E29 -> 6167.4 | K95: =IF(A95=$B$37,D95,"") | N95: =C12 -> 2498 | O95: =C12*60*$M$36/63360/$D$3*1.60934 -> 44.561313 | P95: =C12*60*$M$36/63360/$E$3*1.60934 -> 61.494612 | Q95: =C12*60*$M$36/63360/$F$3*1.60934 -> 81.992816 | R95: =C12*60*$M$36/63360/$G$3*1.60934 -> 106.94715 | S95: =C12*60*$M$36/63360/$H$3*1.60934 -> 122.98922 | T95: =C12*60*$M$36/63360/$I$3*1.60934 -> 136.65469 | U95: =C12*60*$M$36/63360/$J$3*1.60934 -> #DIV/0! | V95: =C12*60*$M$36/63360/$K$3*1.60934 -> #DIV/0!
A96: =C30 -> 7313 | B96: =A66*60*$M$36/63360/$E$3*1.60934 -> 180.02806 | D96: =E30 -> 5928 | K96: =IF(A96=$B$37,D96,"") | N96: =C13 -> 2766 | O96: =C13*60*$M$36/63360/$D$3*1.60934 -> 49.34211 | P96: =C13*60*$M$36/63360/$E$3*1.60934 -> 68.092112 | Q96: =C13*60*$M$36/63360/$F$3*1.60934 -> 90.789483 | R96: =C13*60*$M$36/63360/$G$3*1.60934 -> 118.42106 | S96: =C13*60*$M$36/63360/$H$3*1.60934 -> 136.18422 | T96: =C13*60*$M$36/63360/$I$3*1.60934 -> 151.31581 | U96: =C13*60*$M$36/63360/$J$3*1.60934 -> #DIV/0! | V96: =C13*60*$M$36/63360/$K$3*1.60934 -> #DIV/0!
A97: =C31 -> 7581 | B97: =A67*60*$M$36/63360/$E$3*1.60934 -> 186.62556 | D97: =E31 -> 5671.2 | K97: =IF(A97=$B$37,D97,"") | N97: =C14 -> 3033 | O97: =C14*60*$M$36/63360/$D$3*1.60934 -> 54.105069 | P97: =C14*60*$M$36/63360/$E$3*1.60934 -> 74.664995 | Q97: =C14*60*$M$36/63360/$F$3*1.60934 -> 99.553327 | R97: =C14*60*$M$36/63360/$G$3*1.60934 -> 129.85217 | S97: =C14*60*$M$36/63360/$H$3*1.60934 -> 149.32999 | T97: =C14*60*$M$36/63360/$I$3*1.60934 -> 165.92221 | U97: =C14*60*$M$36/63360/$J$3*1.60934 -> #DIV/0! | V97: =C14*60*$M$36/63360/$K$3*1.60934 -> #DIV/0!
A98: =C32 -> 7849 | B98: =A68*60*$M$36/63360/$E$3*1.60934 -> 193.22306 | D98: =E32 -> 5372.4 | K98: =IF(A98=$B$37,D98,"") | N98: =C15 -> 3301 | O98: =C15*60*$M$36/63360/$D$3*1.60934 -> 58.885866 | P98: =C15*60*$M$36/63360/$E$3*1.60934 -> 81.262496 | Q98: =C15*60*$M$36/63360/$F$3*1.60934 -> 108.34999 | R98: =C15*60*$M$36/63360/$G$3*1.60934 -> 141.32608 | S98: =C15*60*$M$36/63360/$H$3*1.60934 -> 162.52499 | T98: =C15*60*$M$36/63360/$I$3*1.60934 -> 180.58332 | U98: =C15*60*$M$36/63360/$J$3*1.60934 -> #DIV/0! | V98: =C15*60*$M$36/63360/$K$3*1.60934 -> #DIV/0!
A99: =C33 -> 8116 | B99: =A69*60*$M$36/63360/$E$3*1.60934 -> 199.79594 | D99: =E33 -> 5037.6 | K99: =IF(A99=$B$37,D99,"") | N99: =C16 -> 3568 | O99: =C16*60*$M$36/63360/$D$3*1.60934 -> 63.648825 | P99: =C16*60*$M$36/63360/$E$3*1.60934 -> 87.835378 | Q99: =C16*60*$M$36/63360/$F$3*1.60934 -> 117.11384 | R99: =C16*60*$M$36/63360/$G$3*1.60934 -> 152.75718 | S99: =C16*60*$M$36/63360/$H$3*1.60934 -> 175.67076 | T99: =C16*60*$M$36/63360/$I$3*1.60934 -> 195.18973 | U99: =C16*60*$M$36/63360/$J$3*1.60934 -> #DIV/0! | V99: =C16*60*$M$36/63360/$K$3*1.60934 -> #DIV/0!
A100: =C4 -> 358 | B100: =A40*60*$M$36/63360/$F$3*1.60934 -> 11.750772 | E100: =F4 -> 1848.6 | K100: =IF(A100=$B$37,E100,"") | N100: =C17 -> 3836 | O100: =C17*60*$M$36/63360/$D$3*1.60934 -> 68.429622 | P100: =C17*60*$M$36/63360/$E$3*1.60934 -> 94.432879 | Q100: =C17*60*$M$36/63360/$F$3*1.60934 -> 125.91051 | R100: =C17*60*$M$36/63360/$G$3*1.60934 -> 164.23109 | S100: =C17*60*$M$36/63360/$H$3*1.60934 -> 188.86576 | T100: =C17*60*$M$36/63360/$I$3*1.60934 -> 209.85084 | U100: =C17*60*$M$36/63360/$J$3*1.60934 -> #DIV/0! | V100: =C17*60*$M$36/63360/$K$3*1.60934 -> #DIV/0!
A101: =C5 -> 626 | B101: =A41*60*$M$36/63360/$F$3*1.60934 -> 20.547439 | E101: =F5 -> 1953.9 | K101: =IF(A101=$B$37,E101,"") | N101: =C18 -> 4103 | O101: =C18*60*$M$36/63360/$D$3*1.60934 -> 73.192581 | P101: =C18*60*$M$36/63360/$E$3*1.60934 -> 101.00576 | Q101: =C18*60*$M$36/63360/$F$3*1.60934 -> 134.67435 | R101: =C18*60*$M$36/63360/$G$3*1.60934 -> 175.66219 | S101: =C18*60*$M$36/63360/$H$3*1.60934 -> 202.01152 | T101: =C18*60*$M$36/63360/$I$3*1.60934 -> 224.45725 | U101: =C18*60*$M$36/63360/$J$3*1.60934 -> #DIV/0! | V101: =C18*60*$M$36/63360/$K$3*1.60934 -> #DIV/0!
A102: =C6 -> 893 | B102: =A42*60*$M$36/63360/$F$3*1.60934 -> 29.311283 | E102: =F6 -> 2093.4 | K102: =IF(A102=$B$37,E102,"") | N102: =C19 -> 4371 | O102: =C19*60*$M$36/63360/$D$3*1.60934 -> 77.973378 | P102: =C19*60*$M$36/63360/$E$3*1.60934 -> 107.60326 | Q102: =C19*60*$M$36/63360/$F$3*1.60934 -> 143.47102 | R102: =C19*60*$M$36/63360/$G$3*1.60934 -> 187.13611 | S102: =C19*60*$M$36/63360/$H$3*1.60934 -> 215.20652 | T102: =C19*60*$M$36/63360/$I$3*1.60934 -> 239.11836 | U102: =C19*60*$M$36/63360/$J$3*1.60934 -> #DIV/0! | V102: =C19*60*$M$36/63360/$K$3*1.60934 -> #DIV/0!
A103: =C7 -> 1161 | B103: =A43*60*$M$36/63360/$F$3*1.60934 -> 38.10795 | E103: =F7 -> 2316.6 | K103: =IF(A103=$B$37,E103,"") | N103: =C20 -> 4638 | O103: =C20*60*$M$36/63360/$D$3*1.60934 -> 82.736337 | P103: =C20*60*$M$36/63360/$E$3*1.60934 -> 114.17615 | Q103: =C20*60*$M$36/63360/$F$3*1.60934 -> 152.23486 | R103: =C20*60*$M$36/63360/$G$3*1.60934 -> 198.56721 | S103: =C20*60*$M$36/63360/$H$3*1.60934 -> 228.35229 | T103: =C20*60*$M$36/63360/$I$3*1.60934 -> 253.72477 | U103: =C20*60*$M$36/63360/$J$3*1.60934 -> #DIV/0! | V103: =C20*60*$M$36/63360/$K$3*1.60934 -> #DIV/0!
A104: =C8 -> 1428 | B104: =A44*60*$M$36/63360/$F$3*1.60934 -> 46.871794 | E104: =F8 -> 2601.45 | K104: =IF(A104=$B$37,E104,"") | N104: =C21 -> 4906 | O104: =C21*60*$M$36/63360/$D$3*1.60934 -> 87.517134 | P104: =C21*60*$M$36/63360/$E$3*1.60934 -> 120.77365 | Q104: =C21*60*$M$36/63360/$F$3*1.60934 -> 161.03153 | R104: =C21*60*$M$36/63360/$G$3*1.60934 -> 210.04112 | S104: =C21*60*$M$36/63360/$H$3*1.60934 -> 241.54729 | T104: =C21*60*$M$36/63360/$I$3*1.60934 -> 268.38588 | U104: =C21*60*$M$36/63360/$J$3*1.60934 -> #DIV/0! | V104: =C21*60*$M$36/63360/$K$3*1.60934 -> #DIV/0!
A105: =C9 -> 1696 | B105: =A45*60*$M$36/63360/$F$3*1.60934 -> 55.668461 | E105: =F9 -> 2910.6 | K105: =IF(A105=$B$37,E105,"") | N105: =C22 -> 5173 | O105: =C22*60*$M$36/63360/$D$3*1.60934 -> 92.280093 | P105: =C22*60*$M$36/63360/$E$3*1.60934 -> 127.34653 | Q105: =C22*60*$M$36/63360/$F$3*1.60934 -> 169.79537 | R105: =C22*60*$M$36/63360/$G$3*1.60934 -> 221.47222 | S105: =C22*60*$M$36/63360/$H$3*1.60934 -> 254.69306 | T105: =C22*60*$M$36/63360/$I$3*1.60934 -> 282.99229 | U105: =C22*60*$M$36/63360/$J$3*1.60934 -> #DIV/0! | V105: =C22*60*$M$36/63360/$K$3*1.60934 -> #DIV/0!
A106: =C10 -> 1963 | B106: =A46*60*$M$36/63360/$F$3*1.60934 -> 64.432305 | E106: =F10 -> 3240 | K106: =IF(A106=$B$37,E106,"") | N106: =C23 -> 5441 | O106: =C23*60*$M$36/63360/$D$3*1.60934 -> 97.06089 | P106: =C23*60*$M$36/63360/$E$3*1.60934 -> 133.94403 | Q106: =C23*60*$M$36/63360/$F$3*1.60934 -> 178.59204 | R106: =C23*60*$M$36/63360/$G$3*1.60934 -> 232.94614 | S106: =C23*60*$M$36/63360/$H$3*1.60934 -> 267.88806 | T106: =C23*60*$M$36/63360/$I$3*1.60934 -> 297.6534 | U106: =C23*60*$M$36/63360/$J$3*1.60934 -> #DIV/0! | V106: =C23*60*$M$36/63360/$K$3*1.60934 -> #DIV/0!
A107: =C11 -> 2231 | B107: =A47*60*$M$36/63360/$F$3*1.60934 -> 73.228972 | E107: =F11 -> 3600.45 | K107: =IF(A107=$B$37,E107,"") | N107: =C24 -> 5708 | O107: =C24*60*$M$36/63360/$D$3*1.60934 -> 101.82385 | P107: =C24*60*$M$36/63360/$E$3*1.60934 -> 140.51691 | Q107: =C24*60*$M$36/63360/$F$3*1.60934 -> 187.35588 | R107: =C24*60*$M$36/63360/$G$3*1.60934 -> 244.37724 | S107: =C24*60*$M$36/63360/$H$3*1.60934 -> 281.03382 | T107: =C24*60*$M$36/63360/$I$3*1.60934 -> 312.2598 | U107: =C24*60*$M$36/63360/$J$3*1.60934 -> #DIV/0! | V107: =C24*60*$M$36/63360/$K$3*1.60934 -> #DIV/0!
A108: =C12 -> 2498 | B108: =A48*60*$M$36/63360/$F$3*1.60934 -> 81.992816 | E108: =F12 -> 3999.6 | K108: =IF(A108=$B$37,E108,"") | N108: =C25 -> 5976 | O108: =C25*60*$M$36/63360/$D$3*1.60934 -> 106.60465 | P108: =C25*60*$M$36/63360/$E$3*1.60934 -> 147.11441 | Q108: =C25*60*$M$36/63360/$F$3*1.60934 -> 196.15255 | R108: =C25*60*$M$36/63360/$G$3*1.60934 -> 255.85115 | S108: =C25*60*$M$36/63360/$H$3*1.60934 -> 294.22882 | T108: =C25*60*$M$36/63360/$I$3*1.60934 -> 326.92092 | U108: =C25*60*$M$36/63360/$J$3*1.60934 -> #DIV/0! | V108: =C25*60*$M$36/63360/$K$3*1.60934 -> #DIV/0!
A109: =C13 -> 2766 | B109: =A49*60*$M$36/63360/$F$3*1.60934 -> 90.789483 | E109: =F13 -> 4396.5 | K109: =IF(A109=$B$37,E109,"") | N109: =C26 -> 6243 | O109: =C26*60*$M$36/63360/$D$3*1.60934 -> 111.3676 | P109: =C26*60*$M$36/63360/$E$3*1.60934 -> 153.68729 | Q109: =C26*60*$M$36/63360/$F$3*1.60934 -> 204.91639 | R109: =C26*60*$M$36/63360/$G$3*1.60934 -> 267.28225 | S109: =C26*60*$M$36/63360/$H$3*1.60934 -> 307.37459 | T109: =C26*60*$M$36/63360/$I$3*1.60934 -> 341.52732 | U109: =C26*60*$M$36/63360/$J$3*1.60934 -> #DIV/0! | V109: =C26*60*$M$36/63360/$K$3*1.60934 -> #DIV/0!
A110: =C14 -> 3033 | B110: =A50*60*$M$36/63360/$F$3*1.60934 -> 99.553327 | E110: =F14 -> 4729.05 | K110: =IF(A110=$B$37,E110,"") | N110: =C27 -> 6511 | O110: =C27*60*$M$36/63360/$D$3*1.60934 -> 116.1484 | P110: =C27*60*$M$36/63360/$E$3*1.60934 -> 160.2848 | Q110: =C27*60*$M$36/63360/$F$3*1.60934 -> 213.71306 | R110: =C27*60*$M$36/63360/$G$3*1.60934 -> 278.75617 | S110: =C27*60*$M$36/63360/$H$3*1.60934 -> 320.56959 | T110: =C27*60*$M$36/63360/$I$3*1.60934 -> 356.18843 | U110: =C27*60*$M$36/63360/$J$3*1.60934 -> #DIV/0! | V110: =C27*60*$M$36/63360/$K$3*1.60934 -> #DIV/0!
A111: =C15 -> 3301 | B111: =A51*60*$M$36/63360/$F$3*1.60934 -> 108.34999 | E111: =F15 -> 4942.35 | K111: =IF(A111=$B$37,E111,"") | N111: =C28 -> 6778 | O111: =C28*60*$M$36/63360/$D$3*1.60934 -> 120.91136 | P111: =C28*60*$M$36/63360/$E$3*1.60934 -> 166.85768 | Q111: =C28*60*$M$36/63360/$F$3*1.60934 -> 222.4769 | R111: =C28*60*$M$36/63360/$G$3*1.60934 -> 290.18727 | S111: =C28*60*$M$36/63360/$H$3*1.60934 -> 333.71536 | T111: =C28*60*$M$36/63360/$I$3*1.60934 -> 370.79484 | U111: =C28*60*$M$36/63360/$J$3*1.60934 -> #DIV/0! | V111: =C28*60*$M$36/63360/$K$3*1.60934 -> #DIV/0!
... A116: =C20 -> 4638 | B116: =A56*60*$M$36/63360/$F$3*1.60934 -> 152.23486 | E116: =F20 -> 5468.85 | K116: =IF(A116=$B$37,E116,"") | N116: =C33 -> 8116 | O116: =C33*60*$M$36/63360/$D$3*1.60934 -> 144.77967 | P116: =C33*60*$M$36/63360/$E$3*1.60934 -> 199.79594 | Q116: =C33*60*$M$36/63360/$F$3*1.60934 -> 266.39459 | R116: =C33*60*$M$36/63360/$G$3*1.60934 -> 347.47121 | S116: =C33*60*$M$36/63360/$H$3*1.60934 -> 399.59189 | T116: =C33*60*$M$36/63360/$I$3*1.60934 -> 443.99099 | U116: =C33*60*$M$36/63360/$J$3*1.60934 -> #DIV/0! | V116: =C33*60*$M$36/63360/$K$3*1.60934 -> #DIV/0!
A117: =C21 -> 4906 | B117: =A57*60*$M$36/63360/$F$3*1.60934 -> 161.03153 | E117: =F21 -> 5538.6 | K117: =IF(A117=$B$37,E117,"")
A118: =C22 -> 5173 | B118: =A58*60*$M$36/63360/$F$3*1.60934 -> 169.79537 | E118: =F22 -> 5575.95 | K118: =IF(A118=$B$37,E118,"")
A119: =C23 -> 5441 | B119: =A59*60*$M$36/63360/$F$3*1.60934 -> 178.59204 | E119: =F23 -> 5575.95 | K119: =IF(A119=$B$37,E119,"")
A120: =C24 -> 5708 | B120: =A60*60*$M$36/63360/$F$3*1.60934 -> 187.35588 | E120: =F24 -> 5495.4 | K120: =IF(A120=$B$37,E120,"")
A121: =C25 -> 5976 | B121: =A61*60*$M$36/63360/$F$3*1.60934 -> 196.15255 | E121: =F25 -> 5353.65 | K121: =IF(A121=$B$37,E121,"")
A122: =C26 -> 6243 | B122: =A62*60*$M$36/63360/$F$3*1.60934 -> 204.91639 | E122: =F26 -> 5180.4 | K122: =IF(A122=$B$37,E122,"")
A123: =C27 -> 6511 | B123: =A63*60*$M$36/63360/$F$3*1.60934 -> 213.71306 | E123: =F27 -> 4996.8 | K123: =IF(A123=$B$37,E123,"")
A124: =C28 -> 6778 | B124: =A64*60*$M$36/63360/$F$3*1.60934 -> 222.4769 | E124: =F28 -> 4810.5 | K124: =IF(A124=$B$37,E124,"") -> 4810.5
A125: =C29 -> 7046 | B125: =A65*60*$M$36/63360/$F$3*1.60934 -> 231.27357 | E125: =F29 -> 4625.55 | K125: =IF(A125=$B$37,E125,"")
A126: =C30 -> 7313 | B126: =A66*60*$M$36/63360/$F$3*1.60934 -> 240.03742 | E126: =F30 -> 4446 | K126: =IF(A126=$B$37,E126,"")
A127: =C31 -> 7581 | B127: =A67*60*$M$36/63360/$F$3*1.60934 -> 248.83408 | E127: =F31 -> 4253.4 | K127: =IF(A127=$B$37,E127,"")
A128: =C32 -> 7849 | B128: =A68*60*$M$36/63360/$F$3*1.60934 -> 257.63075 | E128: =F32 -> 4029.3 | K128: =IF(A128=$B$37,E128,"")
A129: =C33 -> 8116 | B129: =A69*60*$M$36/63360/$F$3*1.60934 -> 266.39459 | E129: =F33 -> 3778.2 | K129: =IF(A129=$B$37,E129,"") | L129: =L40 -> 6871.4727
A130: =C4 -> 358 | B130: =A40*60*$M$36/63360/$G$3*1.60934 -> 15.327094 | F130: =G4 -> 1417.26 | K130: =IF(A130=$B$37,F130,"")
A131: =C5 -> 626 | B131: =A41*60*$M$36/63360/$G$3*1.60934 -> 26.801007 | F131: =G5 -> 1497.99 | K131: =IF(A131=$B$37,F131,"")
A132: =C6 -> 893 | B132: =A42*60*$M$36/63360/$G$3*1.60934 -> 38.232108 | F132: =G6 -> 1604.94 | K132: =IF(A132=$B$37,F132,"")
A133: =C7 -> 1161 | B133: =A43*60*$M$36/63360/$G$3*1.60934 -> 49.706022 | F133: =G7 -> 1776.06 | K133: =IF(A133=$B$37,F133,"")
A134: =C8 -> 1428 | B134: =A44*60*$M$36/63360/$G$3*1.60934 -> 61.137122 | F134: =G8 -> 1994.445 | K134: =IF(A134=$B$37,F134,"")
...

Sheet Misc
A1: Car | B1: Wheelbase, track width (meters) | I1: Transmission | L1: Body | X1: Engine
L2: Stock | O2: Body Stage 1/2 | R2: Body Stage 3/4 | U2: Position offset X | V2: Position offset Y | W2: Position offset Z | X2: Power HP | Y2: Mass Kg | Z2: Turbo Press. | AA2: Curve fall @ RPM | AB2: Rev limiter | AC2: Inertia ratio | AD2: Position offset X | AE2: Position offset Y | AF2: Position offset Z
B3: Height | C3: F axle offset | D3: R axle offset | E3: Wheelbase | F3: F track width | G3: R track width | H3: AV track width | I3: Gears | J3: Shift time | K3: Weight | L3: CX | M3: SX | N3: Drag | O3: CX | P3: SX | Q3: Drag | R3: CX | S3: SX | T3: Drag
A4: Nissan 300ZX (Z32) Convertible | B4: 0.4 | C4: 1.347 | D4: -1.297 | E4: =C4+(-1*D4) -> 2.644 | F4: 1.56 | G4: 1.6 | H4: =AVERAGE(F4:G4) -> 1.58 | I4: 5 | J4: 0.5 | K4: 50 | L4: 0.3 | M4: 2 | N4: =L4*M4 -> 0.6 | O4: 0.29 | P4: 2 | Q4: =O4*P4 -> 0.58 | R4: 0.28 | S4: 2 | T4: =R4*S4 -> 0.56 | U4: 0 | V4: 0.385 | W4: 1.4 | X4: 221 | Y4: 220 | Z4: 0.62 | AA4: 7000 | AB4: 6800 | AC4: 1 | AD4: 0 | AE4: 0.1 | AF4: 0.2
A5: BMW E39 M5 Touring | B5: 0.3 | C5: 1.52 | D5: -1.32 | E5: =C5+(-1*D5) -> 2.84 | F5: 1.32 | G5: 1.32 | H5: =AVERAGE(F5:G5) -> 1.32 | I5: 6 | J5: 0.3 | K5: 50 | L5: 0.3 | M5: 2 | N5: =L5*M5 -> 0.6 | O5: 0.29 | P5: 2 | Q5: =O5*P5 -> 0.58 | R5: 0.28 | S5: 2 | T5: =R5*S5 -> 0.56 | U5: 0 | V5: 0.34 | W5: 2.1 | X5: 285 | Y5: 208 | Z5: NA | AA5: 7000 | AB5: 7000 | AC5: 1 | AD5: 0 | AE5: 0.14 | AF5: 0.34
A6: BMW M3 E92 Cabriolet | B6: 0.32 | C6: 1.5 | D6: -1.253 | E6: =C6+(-1*D6) -> 2.753 | F6: 1.54 | G6: 1.53 | H6: =AVERAGE(F6:G6) -> 1.535 | I6: 6 | J6: 0.5 | K6: 50 | L6: 0.3 | M6: 2 | N6: =L6*M6 -> 0.6 | O6: 0.29 | P6: 2 | Q6: =O6*P6 -> 0.58 | R6: 0.28 | S6: 2 | T6: =R6*S6 -> 0.56 | U6: 0 | V6: 0.372 | W6: 1.411 | X6: 342 | Y6: 135 | Z6: 0.65 | AA6: 7000 | AB6: 6800 | AC6: 1 | AD6: 0 | AE6: 0 | AF6: 0
A7: Toyota Supra A90 Roadster | B7: 0.38 | C7: 1.23 | D7: -1.26 | E7: =C7+(-1*D7) -> 2.49 | F7: 1.58 | G7: 1.56 | H7: =AVERAGE(F7:G7) -> 1.57 | I7: 8 | J7: 0.5 | K7: 50 | L7: 0.3 | M7: 2 | N7: =L7*M7 -> 0.6 | O7: 0.29 | P7: 2 | Q7: =O7*P7 -> 0.58 | R7: 0.28 | S7: 2 | T7: =R7*S7 -> 0.56 | U7: 0 | V7: 0.458 | W7: 1.169 | X7: 327 | Y7: 140 | Z7: 0.75 | AA7: 7000 | AB7: 7000 | AC7: 1 | AD7: 0 | AE7: 0.08 | AF7: 0.18
A8: Ford Mustang S650 | B8: 0.46 | C8: 1.46 | D8: -1.26 | E8: =C8+(-1*D8) -> 2.72 | F8: 1.27 | G8: 1.27 | H8: =AVERAGE(F8:G8) -> 1.27 | I8: 6 | J8: 0.3 | K8: 50 | L8: 0.3 | M8: 2 | N8: =L8*M8 -> 0.6 | O8: 0.29 | P8: 2 | Q8: =O8*P8 -> 0.58 | R8: 0.28 | S8: 2 | T8: =R8*S8 -> 0.56 | U8: 0 | V8: 0.592 | W8: 1.477 | X8: 399 | Y8: 186 | Z8: 0.82 | AA8: 7000 | AB8: 7500 | AC8: 1 | AD8: 0 | AE8: 0.14 | AF8: 0.4
A9: BMW i8 | B9: 0.413 | C9: 1.386 | D9: -1.42 | E9: =C9+(-1*D9) -> 2.806 | F9: 1.7 | G9: 1.72 | H9: =AVERAGE(F9:G9) -> 1.71 | I9: 6 | J9: 0.3 | K9: 50 | L9: 0.3 | M9: 2 | N9: =L9*M9 -> 0.6 | O9: 0.29 | P9: 2 | Q9: =O9*P9 -> 0.58 | R9: 0.28 | S9: 2 | T9: =R9*S9 -> 0.56 | U9: 0 | V9: 0.607 | W9: -0.957 | X9: 331 | Y9: 210 | Z9: 0.65 | AA9: 7000 | AB9: 6500 | AC9: 1 | AD9: 0 | AE9: -0.06 | AF9: 0.03
A10: Nissan 400Z | B10: 0.46 | C10: 1.269 | D10: -1.281 | E10: =C10+(-1*D10) -> 2.55 | F10: 1.57 | G10: 1.53 | H10: =AVERAGE(F10:G10) -> 1.55 | I10: 6 | J10: 0.3 | K10: 50 | L10: 0.3 | M10: 2 | N10: =L10*M10 -> 0.6 | O10: 0.29 | P10: 2 | Q10: =O10*P10 -> 0.58 | R10: 0.28 | S10: 2 | T10: =R10*S10 -> 0.56 | U10: 0 | V10: 0.528 | W10: 1.286 | X10: 400 | Y10: 240 | Z10: 1.03 | AA10: 7000 | AB10: 6800 | AC10: 1 | AD10: 0 | AE10: 0.1 | AF10: 0.2
A11: Lamborghini Huracan | B11: 0.39 | C11: 1.21 | D11: -1.41 | E11: =C11+(-1*D11) -> 2.62 | F11: 1.668 | G11: 1.62 | H11: =AVERAGE(F11:G11) -> 1.644 | I11: 7 | J11: 0.3 | K11: 50 | L11: 0.3 | M11: 2 | N11: =L11*M11 -> 0.6 | O11: 0.29 | P11: 2 | Q11: =O11*P11 -> 0.58 | R11: 0.28 | S11: 2 | T11: =R11*S11 -> 0.56 | U11: 0 | V11: 0.65 | W11: -1.182 | X11: 401 | Y11: 250 | Z11: 1.35 | AA11: 7000 | AB11: 8000 | AC11: 1 | AD11: 0 | AE11: 0.17 | AF11: 0.42
A12: Mercedes-Benz G55 AMG W463 | B12: 0.29 | C12: 1.5 | D12: -1.27 | E12: =C12+(-1*D12) -> 2.77 | F12: 1.24 | G12: 1.24 | H12: =AVERAGE(F12:G12) -> 1.24 | I12: 7 | J12: 0.3 | K12: 50 | L12: 0.3 | M12: 2 | N12: =L12*M12 -> 0.6 | O12: 0.29 | P12: 2 | Q12: =O12*P12 -> 0.58 | R12: 0.28 | S12: 2 | T12: =R12*S12 -> 0.56 | U12: 0 | V12: 0.484 | W12: 1.495 | X12: 544 | Y12: 220 | Z12: 1 | AA12: 7000 | AB12: 6500 | AC12: 1 | AD12: 0 | AE12: 0.18 | AF12: 0.52
A13: Nissan Silvia S15 Drift | B13: =B57 -> 0.255 | C13: =C57 -> 1.275 | D13: =D57 -> -1.23 | E13: =C13+(-1*D13) -> 2.505 | F13: =F57 -> 1.46 | G13: =G57 -> 1.46 | H13: =AVERAGE(F13:G13) -> 1.46 | I13: =I57 -> 6 | J13: =J57 -> 0.5 | K13: 50 | L13: 0.3 | M13: 2 | N13: =L13*M13 -> 0.6 | O13: 0.29 | P13: 2 | Q13: =O13*P13 -> 0.58 | R13: 0.28 | S13: 2 | T13: =R13*S13 -> 0.56 | U13: 0 | V13: =V57 -> 0.376 | W13: =W57 -> 1.328 | X13: =X57 -> 229 | Y13: =Y57 -> 180 | Z13: =Z57 -> 0.6 | AA13: =AA57 -> 7000 | AB13: =AB57 -> 7500 | AC13: =AC57 -> 1 | AD13: 0 | AE13: -0.04 | AF13: 0.1
A14: Mercedes-Benz 190 W201 Sunset | B14: =B29 -> 0.36 | C14: =C29 -> 1.24 | D14: =D29 -> -1.43 | E14: =C14+(-1*D14) -> 2.67 | F14: =F29 -> 1.42 | G14: =G29 -> 1.42 | H14: =AVERAGE(F14:G14) -> 1.42 | I14: =I29 -> 4 | J14: =J29 -> 0.3 | K14: 50 | L14: 0.3 | M14: 2 | N14: =L14*M14 -> 0.6 | O14: 0.29 | P14: 2 | Q14: =O14*P14 -> 0.58 | R14: 0.28 | S14: 2 | T14: =R14*S14 -> 0.56 | U14: 0 | V14: =V29 -> 0.46 | W14: =W29 -> 1.255 | X14: =X29 -> 165 | Y14: =Y29 -> 170 | Z14: NA | AA14: =AA29 -> 7000 | AB14: =AB29 -> 6600 | AC14: =AC29 -> 1 | AD14: 0 | AE14: -0.03 | AF14: 0.15
A15: Tesla Model S Plaid | B15: 0.46 | C15: 1.5 | D15: -1.45 | E15: =C15+(-1*D15) -> 2.95 | F15: 1.26 | G15: 1.28 | H15: =AVERAGE(F15:G15) -> 1.27 | I15: 2 | J15: 0 | K15: 50 | L15: 0.3 | M15: 2 | N15: =L15*M15 -> 0.6 | O15: 0.29 | P15: 2 | Q15: =O15*P15 -> 0.58 | R15: 0.28 | S15: 2 | T15: =R15*S15 -> 0.56 | U15: 0 | V15: 0.352 | W15: -0.414 | X15: 666 | Y15: 300 | Z15: NA | AA15: 7000 | AB15: 10000 | AC15: 0.5 | AD15: 0 | AE15: 0 | AF15: 0
A16: Porsche 911 GT3 992 | B16: 0.5 | C16: 1.295 | D16: -1.156 | E16: =C16+(-1*D16) -> 2.451 | F16: 1.27 | G16: 1.35 | H16: =AVERAGE(F16:G16) -> 1.31 | I16: 6 | J16: 0.3 | K16: 50 | L16: 0.3 | M16: 2 | N16: =L16*M16 -> 0.6 | O16: 0.29 | P16: 2 | Q16: =O16*P16 -> 0.58 | R16: 0.28 | S16: 2 | T16: =R16*S16 -> 0.56 | U16: 0 | V16: 0.62 | W16: -1.338 | X16: 419 | Y16: 230 | Z16: 1 | AA16: 7000 | AB16: 9000 | AC16: 1 | AD16: 0 | AE16: 0.13 | AF16: 0.3
A17: McLaren 720S | B17: 0.43 | C17: 1.3 | D17: -1.435 | E17: =C17+(-1*D17) -> 2.735 | F17: 1.22 | G17: 1.24 | H17: =AVERAGE(F17:G17) -> 1.23 | I17: 7 | J17: 0.3 | K17: 50 | L17: 0.3 | M17: 2 | N17: =L17*M17 -> 0.6 | O17: 0.29 | P17: 2 | Q17: =O17*P17 -> 0.58 | R17: 0.28 | S17: 2 | T17: =R17*S17 -> 0.56 | U17: 0 | V17: 0.576 | W17: -1.133 | X17: 442 | Y17: 170 | Z17: 1.3 | AA17: 7000 | AB17: 8500 | AC17: 1 | AD17: 0 | AE17: 0.13 | AF17: 0.3
A18: Lamborghini Aventador S | B18: 0.46 | C18: 1.235 | D18: -1.435 | E18: =C18+(-1*D18) -> 2.67 | F18: 1.22 | G18: 1.2 | H18: =AVERAGE(F18:G18) -> 1.21 | I18: 7 | J18: 0.3 | K18: 50 | L18: 0.3 | M18: 2 | N18: =L18*M18 -> 0.6 | O18: 0.29 | P18: 2 | Q18: =O18*P18 -> 0.58 | R18: 0.28 | S18: 2 | T18: =R18*S18 -> 0.56 | U18: 0 | V18: 0.568 | W18: -1.047 | X18: 514 | Y18: 235 | Z18: NA | AA18: 7000 | AB18: 8500 | AC18: 1 | AD18: 0 | AE18: 0.18 | AF18: 0.52
A19: Nissan 180SX Drift | B19: =B34 -> 0.319 | C19: =C34 -> 1.285 | D19: =D34 -> -1.2 | E19: =C19+(-1*D19) -> 2.485 | F19: =F34 -> 1.46 | G19: =G34 -> 1.46 | H19: =AVERAGE(F19:G19) -> 1.46 | I19: =I34 -> 5 | J19: =J34 -> 0.5 | K19: 50 | L19: 0.3 | M19: 2 | N19: =L19*M19 -> 0.6 | O19: 0.29 | P19: 2 | Q19: =O19*P19 -> 0.58 | R19: 0.28 | S19: 2 | T19: =R19*S19 -> 0.56 | U19: 0 | V19: =V34 -> 0.427 | W19: =W34 -> 1.35 | X19: =X34 -> 185 | Y19: =Y34 -> 268 | Z19: =Z34 -> 0.6 | AA19: =AA34 -> 7000 | AB19: =AB34 -> 7200 | AC19: =AC34 -> 1 | AD19: 0 | AE19: -0.04 | AF19: 0.08
A20: Mazda RX-7 FD3S Drift | B20: =B84 -> 0.43 | C20: =C84 -> 1.305 | D20: =D84 -> -1.114 | E20: =C20+(-1*D20) -> 2.419 | F20: =F84 -> 1.45 | G20: =G84 -> 1.45 | H20: =AVERAGE(F20:G20) -> 1.45 | I20: =I84 -> 5 | J20: =J84 -> 0.5 | K20: 50 | L20: 0.3 | M20: 2 | N20: =L20*M20 -> 0.6 | O20: 0.29 | P20: 2 | Q20: =O20*P20 -> 0.58 | R20: 0.28 | S20: 2 | T20: =R20*S20 -> 0.56 | U20: 0 | V20: =V84 -> 0.46 | W20: =W84 -> 1.286 | X20: =X84 -> 280 | Y20: =Y84 -> 120 | Z20: =Z84 -> 0.41 | AA20: =AA84 -> 7000 | AB20: =AB84 -> 8300 | AC20: =AC84 -> 1 | AD20: 0 | AE20: -0.06 | AF20: 0.03
A21: Honda Civic EG6 | B21: 0.35 | C21: 1.217 | D21: -1.38 | E21: =C21+(-1*D21) -> 2.597 | F21: 1.48 | G21: 1.47 | H21: =AVERAGE(F21:G21) -> 1.475 | I21: 5 | J21: 0.5 | K21: 50 | L21: 0.3 | M21: 2 | N21: =L21*M21 -> 0.6 | O21: 0.29 | P21: 2 | Q21: =O21*P21 -> 0.58 | R21: 0.28 | S21: 2 | T21: =R21*S21 -> 0.56 | U21: 0 | V21: 0.34 | W21: 2.1 | X21: 122 | Y21: 140 | Z21: NA | AA21: 7300 | AB21: 7800 | AC21: 1 | AD21: 0 | AE21: -0.05 | AF21: 0.05
A22: Mazda MX-5 NA with roof | B22: 0.445 | C22: 1.178 | D22: -1.095 | E22: =C22+(-1*D22) -> 2.273 | F22: 1.416 | G22: 1.432 | H22: =AVERAGE(F22:G22) -> 1.424 | I22: 5 | J22: 0.5 | K22: 50 | L22: 0.3 | M22: 2 | N22: =L22*M22 -> 0.6 | O22: 0.29 | P22: 2 | Q22: =O22*P22 -> 0.58 | R22: 0.28 | S22: 2 | T22: =R22*S22 -> 0.56 | U22: 0 | V22: 0.41 | W22: 1.115 | X22: 127 | Y22: 155 | Z22: NA | AA22: 7000 | AB22: 7200 | AC22: 1 | AD22: 0 | AE22: -0.045 | AF22: 0.08
A23: Datsun 620 | B23: 0.39 | C23: 1.29 | D23: -1.27 | E23: =C23+(-1*D23) -> 2.56 | F23: 1.38 | G23: 1.38 | H23: =AVERAGE(F23:G23) -> 1.38 | I23: 5 | J23: 0.5 | K23: 50 | L23: 0.3 | M23: 2 | N23: =L23*M23 -> 0.6 | O23: 0.29 | P23: 2 | Q23: =O23*P23 -> 0.58 | R23: 0.28 | S23: 2 | T23: =R23*S23 -> 0.56 | U23: 0 | V23: 0.45 | W23: 1.262 | X23: 138 | Y23: 160 | Z23: 0.45 | AA23: 7000 | AB23: 6200 | AC23: 1 | AD23: 0 | AE23: -0.04 | AF23: 0.1
A24: Mazda MX-5 NA roof removed | B24: 0.445 | C24: 1.178 | D24: -1.095 | E24: =C24+(-1*D24) -> 2.273 | F24: 1.416 | G24: 1.432 | H24: =AVERAGE(F24:G24) -> 1.424 | I24: 5 | J24: 0.5 | K24: 50 | L24: 0.3 | M24: 2 | N24: =L24*M24 -> 0.6 | O24: 0.29 | P24: 2 | Q24: =O24*P24 -> 0.58 | R24: 0.28 | S24: 2 | T24: =R24*S24 -> 0.56 | U24: 0 | V24: 0.38 | W24: 1.115 | X24: 131 | Y24: 155 | Z24: NA | AA24: 7000 | AB24: 7200 | AC24: 1 | AD24: 0 | AE24: -0.045 | AF24: 0.08
A25: Pontiac Firebird Trans Am 1977 | B25: 0.4 | C25: 1.58 | D25: -1.18 | E25: =C25+(-1*D25) -> 2.76 | F25: 1.53 | G25: 1.53 | H25: =AVERAGE(F25:G25) -> 1.53 | I25: 4 | J25: 0.5 | K25: 50 | L25: 0.3 | M25: 2 | N25: =L25*M25 -> 0.6 | O25: 0.29 | P25: 2 | Q25: =O25*P25 -> 0.58 | R25: 0.28 | S25: 2 | T25: =R25*S25 -> 0.56 | U25: 0 | V25: 0.532 | W25: 1.532 | X25: 203 | Y25: 270 | Z25: NA | AA25: 7000 | AB25: 5000 | AC25: 1 | AD25: 0 | AE25: 0.14 | AF25: 0.43
A26: Mitsubishi Eclipse GS-T | B26: 0.45 | C26: 1.25 | D26: -1.28 | E26: =C26+(-1*D26) -> 2.53 | F26: 1.515 | G26: 1.508 | H26: =AVERAGE(F26:G26) -> 1.5115 | I26: 5 | J26: 0.5 | K26: 50 | L26: 0.3 | M26: 2 | N26: =L26*M26 -> 0.6 | O26: 0.29 | P26: 2 | Q26: =O26*P26 -> 0.58 | R26: 0.28 | S26: 2 | T26: =R26*S26 -> 0.56 | U26: 0 | V26: 0.512 | W26: 1.341 | X26: 174 | Y26: 185 | Z26: NA | AA26: 7000 | AB26: 6500 | AC26: 1 | AD26: 0 | AE26: -0.03 | AF26: 0.14
A27: Toyota Corolla AE86 | B27: 0.46 | C27: 1.279 | D27: -1.118 | E27: =C27+(-1*D27) -> 2.397 | F27: 1.38 | G27: 1.37 | H27: =AVERAGE(F27:G27) -> 1.375 | I27: 5 | J27: 0.5 | K27: 50 | L27: 0.3 | M27: 2 | N27: =L27*M27 -> 0.6 | O27: 0.29 | P27: 2 | Q27: =O27*P27 -> 0.58 | R27: 0.28 | S27: 2 | T27: =R27*S27 -> 0.56 | U27: 0 | V27: 0.445 | W27: 1.252 | X27: 132 | Y27: 154 | Z27: NA | AA27: 7000 | AB27: 7400 | AC27: 1 | AD27: 0 | AE27: -0.05 | AF27: 0.06
A28: Toyota MR-2 SW20 | B28: 0.35 | C28: 1.23 | D28: -1.22 | E28: =C28+(-1*D28) -> 2.45 | F28: 1.48 | G28: 1.47 | H28: =AVERAGE(F28:G28) -> 1.475 | I28: 5 | J28: 0.5 | K28: 50 | L28: 0.3 | M28: 2 | N28: =L28*M28 -> 0.6 | O28: 0.29 | P28: 2 | Q28: =O28*P28 -> 0.58 | R28: 0.28 | S28: 2 | T28: =R28*S28 -> 0.56 | U28: 0 | V28: 0.42 | W28: -1.253 | X28: 163 | Y28: 143 | Z28: NA | AA28: 7000 | AB28: 7000 | AC28: 1 | AD28: 0 | AE28: -0.04 | AF28: 0.1
A29: Mercedes-Benz 190 W201 | B29: 0.36 | C29: 1.24 | D29: -1.43 | E29: =C29+(-1*D29) -> 2.67 | F29: 1.42 | G29: 1.42 | H29: =AVERAGE(F29:G29) -> 1.42 | I29: 4 | J29: 0.3 | K29: 50 | L29: 0.3 | M29: 2 | N29: =L29*M29 -> 0.6 | O29: 0.29 | P29: 2 | Q29: =O29*P29 -> 0.58 | R29: 0.28 | S29: 2 | T29: =R29*S29 -> 0.56 | U29: 0 | V29: 0.46 | W29: 1.255 | X29: 165 | Y29: 170 | Z29: NA | AA29: 7000 | AB29: 6600 | AC29: 1 | AD29: 0 | AE29: -0.03 | AF29: 0.15
A30: Nissan Fairlady 240Z | B30: 0.26 | C30: 1.25 | D30: -1.12 | E30: =C30+(-1*D30) -> 2.37 | F30: 1.39 | G30: 1.38 | H30: =AVERAGE(F30:G30) -> 1.385 | I30: 5 | J30: 0.5 | K30: 50 | L30: 0.3 | M30: 2 | N30: =L30*M30 -> 0.6 | O30: 0.29 | P30: 2 | Q30: =O30*P30 -> 0.58 | R30: 0.28 | S30: 2 | T30: =R30*S30 -> 0.56 | U30: 0 | V30: 0.351 | W30: 1.291 | X30: 151 | Y30: 249 | Z30: 0.49 | AA30: 7000 | AB30: 7000 | AC30: 1 | AD30: 0 | AE30: 0.09 | AF30: 0.14
A31: BMW M3 E36 | B31: 0.28 | C31: 1.461 | D31: -1.233 | E31: =C31+(-1*D31) -> 2.694 | F31: 1.42 | G31: 1.439 | H31: =AVERAGE(F31:G31) -> 1.4295 | I31: 5 | J31: 0.5 | K31: 50 | L31: 0.3 | M31: 2 | N31: =L31*M31 -> 0.6 | O31: 0.29 | P31: 2 | Q31: =O31*P31 -> 0.58 | R31: 0.28 | S31: 2 | T31: =R31*S31 -> 0.56 | U31: 0 | V31: 0.337 | W31: 1.361 | X31: 193 | Y31: 180 | Z31: NA | AA31: 7000 | AB31: 6600 | AC31: 1 | AD31: 0 | AE31: 0.07 | AF31: 0.18
A32: Nissan Skyline 2000 GT-R | B32: 0.43 | C32: 1.47 | D32: -1.13 | E32: =C32+(-1*D32) -> 2.6 | F32: 1.5 | G32: 1.5 | H32: =AVERAGE(F32:G32) -> 1.5 | I32: 5 | J32: 0.3 | K32: 50 | L32: 0.3 | M32: 2 | N32: =L32*M32 -> 0.6 | O32: 0.29 | P32: 2 | Q32: =O32*P32 -> 0.58 | R32: 0.28 | S32: 2 | T32: =R32*S32 -> 0.56 | U32: 0 | V32: 0.566 | W32: 1.439 | X32: 160 | Y32: 199 | Z32: NA | AA32: 7000 | AB32: 7300 | AC32: 1 | AD32: 0 | AE32: 0.06 | AF32: 0.1
A33: Nissan 300ZX (Z32) | B33: 0.44 | C33: 1.28 | D33: -1.19 | E33: =C33+(-1*D33) -> 2.47 | F33: 1.495 | G33: 1.535 | H33: =AVERAGE(F33:G33) -> 1.515 | I33: 5 | J33: 0.5 | K33: 50 | L33: 0.3 | M33: 2 | N33: =L33*M33 -> 0.6 | O33: 0.29 | P33: 2 | Q33: =O33*P33 -> 0.58 | R33: 0.28 | S33: 2 | T33: =R33*S33 -> 0.56 | U33: 0 | V33: 0.385 | W33: 1.4 | X33: 221 | Y33: 220 | Z33: 0.62 | AA33: 7000 | AB33: 6800 | AC33: 1 | AD33: 0 | AE33: 0.1 | AF33: 0.2
A34: Nissan 180SX | B34: 0.319 | C34: 1.285 | D34: -1.2 | E34: =C34+(-1*D34) -> 2.485 | F34: 1.46 | G34: 1.46 | H34: =AVERAGE(F34:G34) -> 1.46 | I34: 5 | J34: 0.5 | K34: 50 | L34: 0.3 | M34: 2 | N34: =L34*M34 -> 0.6 | O34: 0.29 | P34: 2 | Q34: =O34*P34 -> 0.58 | R34: 0.28 | S34: 2 | T34: =R34*S34 -> 0.56 | U34: 0 | V34: 0.427 | W34: 1.35 | X34: 185 | Y34: 268 | Z34: 0.6 | AA34: 7000 | AB34: 7200 | AC34: 1 | AD34: 0 | AE34: -0.04 | AF34: 0.08
A35: Volkswagen Golf GTI Mk7 | B35: 0.43 | C35: 1.4 | D35: -1.3 | E35: =C35+(-1*D35) -> 2.7 | F35: 1.55 | G35: 1.54 | H35: =AVERAGE(F35:G35) -> 1.545 | I35: 6 | J35: 0.5 | K35: 50 | L35: 0.3 | M35: 2 | N35: =L35*M35 -> 0.6 | O35: 0.29 | P35: 2 | Q35: =O35*P35 -> 0.58 | R35: 0.28 | S35: 2 | T35: =R35*S35 -> 0.56 | U35: 0 | V35: 0.597 | W35: 1.621 | X35: 201 | Y35: 140 | Z35: 0.55 | AA35: 7000 | AB35: 6000 | AC35: 1 | AD35: 0 | AE35: -0.04 | AF35: 0.1
A36: Toyota GT86 | B36: 0.51 | C36: 1.099 | D36: -1.482 | E36: =C36+(-1*D36) -> 2.581 | F36: 1.52 | G36: 1.54 | H36: =AVERAGE(F36:G36) -> 1.53 | I36: 6 | J36: 0.5 | K36: 50 | L36: 0.3 | M36: 2 | N36: =L36*M36 -> 0.6 | O36: 0.29 | P36: 2 | Q36: =O36*P36 -> 0.58 | R36: 0.28 | S36: 2 | T36: =R36*S36 -> 0.56 | U36: 0 | V36: 0.548 | W36: 1.05 | X36: 198 | Y36: 200 | Z36: NA | AA36: 7000 | AB36: 7400 | AC36: 1 | AD36: 0 | AE36: 0.1 | AF36: 0.1
A37: Mini Cooper JCW F56 | B37: 0.42 | C37: 1.1 | D37: -1.34 | E37: =C37+(-1*D37) -> 2.44 | F37: 1.46 | G37: 1.45 | H37: =AVERAGE(F37:G37) -> 1.455 | I37: 6 | J37: 0.5 | K37: 50 | L37: 0.3 | M37: 2 | N37: =L37*M37 -> 0.6 | O37: 0.29 | P37: 2 | Q37: =O37*P37 -> 0.58 | R37: 0.28 | S37: 2 | T37: =R37*S37 -> 0.56 | U37: 0 | V37: 0.434 | W37: 1.097 | X37: 172 | Y37: 130 | Z37: 0.55 | AA37: 7000 | AB37: 6500 | AC37: 1 | AD37: 0 | AE37: -0.05 | AF37: 0.06
A38: Subaru Forester | B38: 0.46 | C38: 1.28 | D38: -1.255 | E38: =C38+(-1*D38) -> 2.535 | F38: 1.48 | G38: 1.48 | H38: =AVERAGE(F38:G38) -> 1.48 | I38: 5 | J38: 0.5 | K38: 50 | L38: 0.3 | M38: 2 | N38: =L38*M38 -> 0.6 | O38: 0.29 | P38: 2 | Q38: =O38*P38 -> 0.58 | R38: 0.28 | S38: 2 | T38: =R38*S38 -> 0.56 | U38: 0 | V38: 0.611 | W38: 1.412 | X38: 225 | Y38: 120 | Z38: 0.79 | AA38: 7000 | AB38: 6500 | AC38: 1 | AD38: 0 | AE38: 0.12 | AF38: 0.15
A39: Lada VAZ 2108 | B39: 0.37 | C39: 1.24 | D39: -1.21 | E39: =C39+(-1*D39) -> 2.45 | F39: 1.39 | G39: 1.39 | H39: =AVERAGE(F39:G39) -> 1.39 | I39: 4 | J39: 0.5 | K39: 50 | L39: 0.3 | M39: 2 | N39: =L39*M39 -> 0.6 | O39: 0.29 | P39: 2 | Q39: =O39*P39 -> 0.58 | R39: 0.28 | S39: 2 | T39: =R39*S39 -> 0.56 | U39: 0 | V39: 0.504 | W39: 1.315 | X39: 93 | Y39: 127 | Z39: NA | AA39: 7000 | AB39: 6000 | AC39: 1 | AD39: 0 | AE39: -0.05 | AF39: 0.05
A40: Volvo 240 | B40: 0.48 | C40: 1.546 | D40: -1.17 | E40: =C40+(-1*D40) -> 2.716 | F40: 1.35 | G40: 1.35 | H40: =AVERAGE(F40:G40) -> 1.35 | I40: 5 | J40: 0.3 | K40: 50 | L40: 0.3 | M40: 2 | N40: =L40*M40 -> 0.6 | O40: 0.29 | P40: 2 | Q40: =O40*P40 -> 0.58 | R40: 0.28 | S40: 2 | T40: =R40*S40 -> 0.56 | U40: 0 | V40: 0.558 | W40: 1.573 | X40: 119 | Y40: 140 | Z40: NA | AA40: 7000 | AB40: 6500 | AC40: 1 | AD40: 0 | AE40: -0.04 | AF40: 0.11
A41: Dodge Van | B41: 0.5 | C41: 1.49 | D41: -1.33 | E41: =C41+(-1*D41) -> 2.82 | F41: 1.7 | G41: 1.7 | H41: =AVERAGE(F41:G41) -> 1.7 | I41: 4 | J41: 0.3 | K41: 50 | L41: 0.3 | M41: 2 | N41: =L41*M41 -> 0.6 | O41: 0.29 | P41: 2 | Q41: =O41*P41 -> 0.58 | R41: 0.28 | S41: 2 | T41: =R41*S41 -> 0.56 | U41: 0 | V41: 0.726 | W41: 1.754 | X41: 245 | Y41: 199 | Z41: NA | AA41: 7000 | AB41: 4800 | AC41: 1 | AD41: 0 | AE41: 0.15 | AF41: 0.49
A42: Mazda RX-7 FC3S | B42: 0.27 | C42: 1.236 | D42: -1.22 | E42: =C42+(-1*D42) -> 2.456 | F42: 1.46 | G42: 1.46 | H42: =AVERAGE(F42:G42) -> 1.46 | I42: 5 | J42: 0.3 | K42: 50 | L42: 0.3 | M42: 2 | N42: =L42*M42 -> 0.6 | O42: 0.29 | P42: 2 | Q42: =O42*P42 -> 0.58 | R42: 0.28 | S42: 2 | T42: =R42*S42 -> 0.56 | U42: 0 | V42: 0.329 | W42: 1.318 | X42: 197 | Y42: 157 | Z42: 0.75 | AA42: 7000 | AB42: 8500 | AC42: 1 | AD42: 0 | AE42: -0.06 | AF42: 0.03
A43: Nissan 300ZX (Z31) | B43: 0.33 | C43: 1.2 | D43: -1.118 | E43: =C43+(-1*D43) -> 2.318 | F43: 1.3 | G43: 1.33 | H43: =AVERAGE(F43:G43) -> 1.315 | I43: 5 | J43: 0.5 | K43: 50 | L43: 0.3 | M43: 2 | N43: =L43*M43 -> 0.6 | O43: 0.29 | P43: 2 | Q43: =O43*P43 -> 0.58 | R43: 0.28 | S43: 2 | T43: =R43*S43 -> 0.56 | U43: 0 | V43: 0.401 | W43: 1.156 | X43: 228 | Y43: 178 | Z43: 0.34 | AA43: 7000 | AB43: 6000 | AC43: 1 | AD43: 0 | AE43: 0.1 | AF43: 0.2
A44: BMW M3 E46 | B44: 0.42 | C44: 1.481 | D44: -1.26 | E44: =C44+(-1*D44) -> 2.741 | F44: 1.5 | G44: 1.51 | H44: =AVERAGE(F44:G44) -> 1.505 | I44: 6 | J44: 0.5 | K44: 50 | L44: 0.3 | M44: 2 | N44: =L44*M44 -> 0.6 | O44: 0.29 | P44: 2 | Q44: =O44*P44 -> 0.58 | R44: 0.28 | S44: 2 | T44: =R44*S44 -> 0.56 | U44: 0 | V44: 0.471 | W44: 1.493 | X44: 244 | Y44: 149 | Z44: NA | AA44: 7000 | AB44: 7000 | AC44: 1 | AD44: 0 | AE44: 0.09 | AF44: 0.3
A45: Dodge Charger R/T 1969 | B45: 0.258 | C45: 1.68 | D45: -1.301 | E45: =C45+(-1*D45) -> 2.981 | F45: 1.51 | G45: 1.5 | H45: =AVERAGE(F45:G45) -> 1.505 | I45: 4 | J45: 0.5 | K45: 50 | L45: 0.3 | M45: 2 | N45: =L45*M45 -> 0.6 | O45: 0.29 | P45: 2 | Q45: =O45*P45 -> 0.58 | R45: 0.28 | S45: 2 | T45: =R45*S45 -> 0.56 | U45: 0 | V45: 0.371 | W45: 1.616 | X45: 293 | Y45: 281 | Z45: NA | AA45: 7000 | AB45: 6400 | AC45: 1 | AD45: 0 | AE45: 0.16 | AF45: 0.52
A46: Nissan Skyline R32 GT-R | B46: 0.37 | C46: 0.96 | D46: -1.63 | E46: =C46+(-1*D46) -> 2.59 | F46: 1.48 | G46: 1.49 | H46: =AVERAGE(F46:G46) -> 1.485 | I46: 5 | J46: 0.5 | K46: 50 | L46: 0.3 | M46: 2 | N46: =L46*M46 -> 0.6 | O46: 0.29 | P46: 2 | Q46: =O46*P46 -> 0.58 | R46: 0.28 | S46: 2 | T46: =R46*S46 -> 0.56 | U46: 0 | V46: 0.509 | W46: 0.983 | X46: 233 | Y46: 230 | Z46: 0.7 | AA46: 7000 | AB46: 7400 | AC46: 1 | AD46: 0 | AE46: -0.04 | AF46: 0.1
A47: Toyota GR86 | B47: 0.46 | C47: 1.22 | D47: -1.36 | E47: =C47+(-1*D47) -> 2.58 | F47: 1.52 | G47: 1.55 | H47: =AVERAGE(F47:G47) -> 1.535 | I47: 6 | J47: 0.5 | K47: 50 | L47: 0.3 | M47: 2 | N47: =L47*M47 -> 0.6 | O47: 0.29 | P47: 2 | Q47: =O47*P47 -> 0.58 | R47: 0.28 | S47: 2 | T47: =R47*S47 -> 0.56 | U47: 0 | V47: 0.474 | W47: 1.216 | X47: 235 | Y47: 171 | Z47: NA | AA47: 7000 | AB47: 7200 | AC47: 1 | AD47: 0 | AE47: 0.1 | AF47: 0.14
A48: Ford Focus ST 2019 | B48: 0.4 | C48: 1.29 | D48: -1.4 | E48: =C48+(-1*D48) -> 2.69 | F48: 1.62 | G48: 1.58 | H48: =AVERAGE(F48:G48) -> 1.6 | I48: 6 | J48: 0.5 | K48: 50 | L48: 0.3 | M48: 2 | N48: =L48*M48 -> 0.6 | O48: 0.29 | P48: 2 | Q48: =O48*P48 -> 0.58 | R48: 0.28 | S48: 2 | T48: =R48*S48 -> 0.56 | U48: 0 | V48: 0.356 | W48: 1.425 | X48: 249 | Y48: 109 | Z48: 0.6 | AA48: 7000 | AB48: 6500 | AC48: 1 | AD48: 0 | AE48: -0.04 | AF48: 0.1
A49: Toyota Crown Majesta | B49: 0.45 | C49: 1.62 | D49: -1.18 | E49: =C49+(-1*D49) -> 2.8 | F49: 1.535 | G49: 1.535 | H49: =AVERAGE(F49:G49) -> 1.535 | I49: 5 | J49: 0.3 | K49: 50 | L49: 0.3 | M49: 2 | N49: =L49*M49 -> 0.6 | O49: 0.29 | P49: 2 | Q49: =O49*P49 -> 0.58 | R49: 0.28 | S49: 2 | T49: =R49*S49 -> 0.56 | U49: 0 | V49: 0.611 | W49: 1.701 | X49: 280 | Y49: 195 | Z49: NA | AA49: 7000 | AB49: 7200 | AC49: 1 | AD49: 0 | AE49: 0.13 | AF49: 0.3
A50: BMW M3 E30 | B50: 0.41 | C50: 1.352 | D50: -1.161 | E50: =C50+(-1*D50) -> 2.513 | F50: 1.4 | G50: 1.41 | H50: =AVERAGE(F50:G50) -> 1.405 | I50: 5 | J50: 0.3 | K50: 50 | L50: 0.3 | M50: 2 | N50: =L50*M50 -> 0.6 | O50: 0.29 | P50: 2 | Q50: =O50*P50 -> 0.58 | R50: 0.28 | S50: 2 | T50: =R50*S50 -> 0.56 | U50: 0 | V50: 0.447 | W50: 1.396 | X50: 197 | Y50: 136 | Z50: NA | AA50: 7000 | AB50: 6750 | AC50: 1 | AD50: 0 | AE50: -0.03 | AF50: 0.13
A51: Subaru Impreza WRX STI GE | B51: 0.46 | C51: 1.288 | D51: -1.4 | E51: =C51+(-1*D51) -> 2.688 | F51: 1.6 | G51: 1.6 | H51: =AVERAGE(F51:G51) -> 1.6 | I51: 5 | J51: 0.5 | K51: 50 | L51: 0.3 | M51: 2 | N51: =L51*M51 -> 0.6 | O51: 0.29 | P51: 2 | Q51: =O51*P51 -> 0.58 | R51: 0.28 | S51: 2 | T51: =R51*S51 -> 0.56 | U51: 0 | V51: 0.538 | W51: 1.282 | X51: 272 | Y51: 125 | Z51: 0.7 | AA51: 7000 | AB51: 7400 | AC51: 1 | AD51: 0 | AE51: 0.11 | AF51: 0.15
A52: Nissan Silvia S14 | B52: 0.3 | C52: 1.301 | D52: -1.285 | E52: =C52+(-1*D52) -> 2.586 | F52: 1.54 | G52: 1.53 | H52: =AVERAGE(F52:G52) -> 1.535 | I52: 5 | J52: 0.3 | K52: 50 | L52: 0.3 | M52: 2 | N52: =L52*M52 -> 0.6 | O52: 0.29 | P52: 2 | Q52: =O52*P52 -> 0.58 | R52: 0.28 | S52: 2 | T52: =R52*S52 -> 0.56 | U52: 0 | V52: 0.398 | W52: 1.37 | X52: 220 | Y52: 180 | Z52: 0.65 | AA52: 7000 | AB52: 7500 | AC52: 1 | AD52: 0 | AE52: -0.05 | AF52: 0.1
A53: Honda Civic EK9 | B53: 0.44 | C53: 1.23 | D53: -1.392 | E53: =C53+(-1*D53) -> 2.622 | F53: 1.48 | G53: 1.48 | H53: =AVERAGE(F53:G53) -> 1.48 | I53: 5 | J53: 0.3 | K53: 50 | L53: 0.3 | M53: 2 | N53: =L53*M53 -> 0.6 | O53: 0.29 | P53: 2 | Q53: =O53*P53 -> 0.58 | R53: 0.28 | S53: 2 | T53: =R53*S53 -> 0.56 | U53: 0 | V53: 0.552 | W53: 1.195 | X53: 185 | Y53: 184 | Z53: NA | AA53: 7000 | AB53: 8500 | AC53: 1 | AD53: 0 | AE53: -0.05 | AF53: 0.06
A54: Honda Civic FK8 | B54: 0.425 | C54: 1.42 | D54: -1.28 | E54: =C54+(-1*D54) -> 2.7 | F54: 1.6 | G54: 1.59 | H54: =AVERAGE(F54:G54) -> 1.595 | I54: 6 | J54: 0.5 | K54: 50 | L54: 0.3 | M54: 2 | N54: =L54*M54 -> 0.6 | O54: 0.29 | P54: 2 | Q54: =O54*P54 -> 0.58 | R54: 0.28 | S54: 2 | T54: =R54*S54 -> 0.56 | U54: 0 | V54: 0.456 | W54: 1.49 | X54: 260 | Y54: 145 | Z54: NA | AA54: 7000 | AB54: 8100 | AC54: 1 | AD54: 0 | AE54: -0.04 | AF54: 0.1
A55: Audi TTRS (8S) | B55: 0.41 | C55: 1.22 | D55: -1.3 | E55: =C55+(-1*D55) -> 2.52 | F55: 1.55 | G55: 1.54 | H55: =AVERAGE(F55:G55) -> 1.545 | I55: 7 | J55: 0.5 | K55: 50 | L55: 0.3 | M55: 2 | N55: =L55*M55 -> 0.6 | O55: 0.29 | P55: 2 | Q55: =O55*P55 -> 0.58 | R55: 0.28 | S55: 2 | T55: =R55*S55 -> 0.56 | U55: 0 | V55: 0.484 | W55: 1.492 | X55: 280 | Y55: 160 | Z55: 1.35 | AA55: 7000 | AB55: 6800 | AC55: 1 | AD55: 0 | AE55: 0.12 | AF55: 0.17
A56: Nissan Silvia S13 | B56: 0.49 | C56: 1.3 | D56: -1.19 | E56: =C56+(-1*D56) -> 2.49 | F56: 1.45 | G56: 1.44 | H56: =AVERAGE(F56:G56) -> 1.445 | I56: 5 | J56: 0.3 | K56: 50 | L56: 0.3 | M56: 2 | N56: =L56*M56 -> 0.6 | O56: 0.29 | P56: 2 | Q56: =O56*P56 -> 0.58 | R56: 0.28 | S56: 2 | T56: =R56*S56 -> 0.56 | U56: 0 | V56: 0.503 | W56: 1.396 | X56: 205 | Y56: 180 | Z56: 0.48 | AA56: 7000 | AB56: 7500 | AC56: 1 | AD56: 0 | AE56: -0.04 | AF56: 0.1
A57: Nissan Silvia S15 | B57: 0.255 | C57: 1.275 | D57: -1.23 | E57: =C57+(-1*D57) -> 2.505 | F57: 1.46 | G57: 1.46 | H57: =AVERAGE(F57:G57) -> 1.46 | I57: 6 | J57: 0.5 | K57: 50 | L57: 0.3 | M57: 2 | N57: =L57*M57 -> 0.6 | O57: 0.29 | P57: 2 | Q57: =O57*P57 -> 0.58 | R57: 0.28 | S57: 2 | T57: =R57*S57 -> 0.56 | U57: 0 | V57: 0.376 | W57: 1.328 | X57: 229 | Y57: 180 | Z57: 0.6 | AA57: 7000 | AB57: 7500 | AC57: 1 | AD57: 0 | AE57: -0.04 | AF57: 0.1
A58: Toyota Supra A80 | B58: 0.34 | C58: 1.268 | D58: -1.198 | E58: =C58+(-1*D58) -> 2.466 | F58: 1.556 | G58: 1.544 | H58: =AVERAGE(F58:G58) -> 1.55 | I58: 6 | J58: 0.5 | K58: 50 | L58: 0.3 | M58: 2 | N58: =L58*M58 -> 0.6 | O58: 0.29 | P58: 2 | Q58: =O58*P58 -> 0.58 | R58: 0.28 | S58: 2 | T58: =R58*S58 -> 0.56 | U58: 0 | V58: 0.365 | W58: 1.228 | X58: 276 | Y58: 230 | Z58: 0.6 | AA58: 7000 | AB58: 7000 | AC58: 1 | AD58: 0 | AE58: 0.08 | AF58: 0.18
A59: Porsche Singer 964 | B59: 0.41 | C59: 1.21 | D59: -1.06 | E59: =C59+(-1*D59) -> 2.27 | F59: 1.54 | G59: 1.56 | H59: =AVERAGE(F59:G59) -> 1.55 | I59: 5 | J59: 0.5 | K59: 50 | L59: 0.3 | M59: 2 | N59: =L59*M59 -> 0.6 | O59: 0.29 | P59: 2 | Q59: =O59*P59 -> 0.58 | R59: 0.28 | S59: 2 | T59: =R59*S59 -> 0.56 | U59: 0 | V59: 0.58 | W59: -1.277 | X59: 272 | Y59: 150 | Z59: 0.8 | AA59: 7000 | AB59: 7100 | AC59: 1 | AD59: 0 | AE59: 0.12 | AF59: 0.27
A60: Dodge Charger SRT8 2020 | B60: 0.45 | C60: 1.58 | D60: -1.48 | E60: =C60+(-1*D60) -> 3.06 | F60: 1.57 | G60: 1.6 | H60: =AVERAGE(F60:G60) -> 1.585 | I60: 8 | J60: 0.5 | K60: 50 | L60: 0.3 | M60: 2 | N60: =L60*M60 -> 0.6 | O60: 0.29 | P60: 2 | Q60: =O60*P60 -> 0.58 | R60: 0.28 | S60: 2 | T60: =R60*S60 -> 0.56 | U60: 0 | V60: 0.567 | W60: 1.635 | X60: 370 | Y60: 254 | Z60: NA | AA60: 7000 | AB60: 5800 | AC60: 1 | AD60: 0 | AE60: 0.14 | AF60: 0.47
A61: Acura RSX | B61: 0.42 | C61: 1.285 | D61: -1.28 | E61: =C61+(-1*D61) -> 2.565 | F61: 1.49 | G61: 1.49 | H61: =AVERAGE(F61:G61) -> 1.49 | I61: 6 | J61: 0.3 | K61: 50 | L61: 0.3 | M61: 2 | N61: =L61*M61 -> 0.6 | O61: 0.29 | P61: 2 | Q61: =O61*P61 -> 0.58 | R61: 0.28 | S61: 2 | T61: =R61*S61 -> 0.56 | U61: 0 | V61: 0.521 | W61: 1.417 | X61: 220 | Y61: 180 | Z61: NA | AA61: 7000 | AB61: 8000 | AC61: 1 | AD61: 0 | AE61: -0.05 | AF61: 0.1
A62: Nissan Fairlady 350Z | B62: 0.48 | C62: 1.347 | D62: -1.287 | E62: =C62+(-1*D62) -> 2.634 | F62: 1.56 | G62: 1.6 | H62: =AVERAGE(F62:G62) -> 1.58 | I62: 6 | J62: 0.3 | K62: 50 | L62: 0.3 | M62: 2 | N62: =L62*M62 -> 0.6 | O62: 0.29 | P62: 2 | Q62: =O62*P62 -> 0.58 | R62: 0.28 | S62: 2 | T62: =R62*S62 -> 0.56 | U62: 0 | V62: 0.56 | W62: 1.34 | X62: 288 | Y62: 205 | Z62: NA | AA62: 7000 | AB62: 6800 | AC62: 1 | AD62: 0 | AE62: 0.1 | AF62: 0.2
A63: Nissan Fairlady 370Z | B63: 0.46 | C63: 1.39 | D63: -1.19 | E63: =C63+(-1*D63) -> 2.58 | F63: 1.57 | G63: 1.6 | H63: =AVERAGE(F63:G63) -> 1.585 | I63: 6 | J63: 0.5 | K63: 50 | L63: 0.3 | M63: 2 | N63: =L63*M63 -> 0.6 | O63: 0.29 | P63: 2 | Q63: =O63*P63 -> 0.58 | R63: 0.28 | S63: 2 | T63: =R63*S63 -> 0.56 | U63: 0 | V63: 0.577 | W63: 1.367 | X63: 293 | Y63: 174 | Z63: NA | AA63: 7000 | AB63: 6800 | AC63: 1 | AD63: 0 | AE63: 0.12 | AF63: 0.27
A64: Mazda RX-8 | B64: 0.45 | C64: 1.62 | D64: -1.07 | E64: =C64+(-1*D64) -> 2.69 | F64: 1.51 | G64: 1.51 | H64: =AVERAGE(F64:G64) -> 1.51 | I64: 6 | J64: 0.3 | K64: 50 | L64: 0.3 | M64: 2 | N64: =L64*M64 -> 0.6 | O64: 0.29 | P64: 2 | Q64: =O64*P64 -> 0.58 | R64: 0.28 | S64: 2 | T64: =R64*S64 -> 0.56 | U64: 0 | V64: 0.53 | W64: 1.657 | X64: 247 | Y64: 120 | Z64: NA | AA64: 7000 | AB64: 8300 | AC64: 1 | AD64: 0 | AE64: -0.06 | AF64: 0.03
A65: Toyota Mark II | B65: 0.34 | C65: 1.495 | D65: -1.23 | E65: =C65+(-1*D65) -> 2.725 | F65: 1.6 | G65: 1.58 | H65: =AVERAGE(F65:G65) -> 1.59 | I65: 5 | J65: 0.3 | K65: 50 | L65: 0.3 | M65: 2 | N65: =L65*M65 -> 0.6 | O65: 0.29 | P65: 2 | Q65: =O65*P65 -> 0.58 | R65: 0.28 | S65: 2 | T65: =R65*S65 -> 0.56 | U65: 0 | V65: 0.394 | W65: 1.563 | X65: 286 | Y65: 210 | Z65: 0.82 | AA65: 7000 | AB65: 7000 | AC65: 1 | AD65: 0 | AE65: 0.09 | AF65: 0.18
A66: Toyota Cresta | B66: 0.38 | C66: 1.5 | D66: -1.23 | E66: =C66+(-1*D66) -> 2.73 | F66: 1.56 | G66: 1.53 | H66: =AVERAGE(F66:G66) -> 1.545 | I66: 5 | J66: 0.3 | K66: 50 | L66: 0.3 | M66: 2 | N66: =L66*M66 -> 0.6 | O66: 0.29 | P66: 2 | Q66: =O66*P66 -> 0.58 | R66: 0.28 | S66: 2 | T66: =R66*S66 -> 0.56 | U66: 0 | V66: 0.591 | W66: 1.501 | X66: 286 | Y66: 210 | Z66: 0.82 | AA66: 7000 | AB66: 7000 | AC66: 1 | AD66: 0 | AE66: 0.09 | AF66: 0.18
A67: Honda S2000 | B67: 0.43 | C67: 1.2215 | D67: -1.215 | E67: =C67+(-1*D67) -> 2.4365 | F67: 1.52 | G67: 1.59 | H67: =AVERAGE(F67:G67) -> 1.555 | I67: 6 | J67: 0.3 | K67: 50 | L67: 0.3 | M67: 2 | N67: =L67*M67 -> 0.6 | O67: 0.29 | P67: 2 | Q67: =O67*P67 -> 0.58 | R67: 0.28 | S67: 2 | T67: =R67*S67 -> 0.56 | U67: 0 | V67: 0.549 | W67: 1.203 | X67: 230 | Y67: 147 | Z67: NA | AA67: 7000 | AB67: 8300 | AC67: 1 | AD67: 0 | AE67: -0.04 | AF67: 0.1
A68: Ford Mustang Fastback 1969 | B68: 0.45 | C68: 1.33 | D68: -1.38 | E68: =C68+(-1*D68) -> 2.71 | F68: 1.49 | G68: 1.49 | H68: =AVERAGE(F68:G68) -> 1.49 | I68: 5 | J68: 0.5 | K68: 50 | L68: 0.3 | M68: 2 | N68: =L68*M68 -> 0.6 | O68: 0.29 | P68: 2 | Q68: =O68*P68 -> 0.58 | R68: 0.28 | S68: 2 | T68: =R68*S68 -> 0.56 | U68: 0 | V68: 0.49 | W68: 1.337 | X68: 317 | Y68: 290 | Z68: NA | AA68: 7000 | AB68: 6200 | AC68: 1 | AD68: 0 | AE68: 0.14 | AF68: 0.48
A69: Nissan Skyline R34 GTT | B69: 0.4 | C69: 1.38 | D69: -1.346 | E69: =C69+(-1*D69) -> 2.726 | F69: 1.54 | G69: 1.54 | H69: =AVERAGE(F69:G69) -> 1.54 | I69: 6 | J69: 0.5 | K69: 50 | L69: 0.3 | M69: 2 | N69: =L69*M69 -> 0.6 | O69: 0.29 | P69: 2 | Q69: =O69*P69 -> 0.58 | R69: 0.28 | S69: 2 | T69: =R69*S69 -> 0.56 | U69: 0 | V69: 0.518 | W69: 1.371 | X69: 301 | Y69: 250 | Z69: 0.7 | AA69: 7000 | AB69: 7000 | AC69: 1 | AD69: 0 | AE69: -0.03 | AF69: 0.15
A70: Mitsubishi Lancer Evolution IX | B70: 0.4 | C70: 1.234 | D70: -1.371 | E70: =C70+(-1*D70) -> 2.605 | F70: 1.462 | G70: 1.463 | H70: =AVERAGE(F70:G70) -> 1.4625 | I70: 6 | J70: 0.5 | K70: 50 | L70: 0.3 | M70: 2 | N70: =L70*M70 -> 0.6 | O70: 0.29 | P70: 2 | Q70: =O70*P70 -> 0.58 | R70: 0.28 | S70: 2 | T70: =R70*S70 -> 0.56 | U70: 0 | V70: 0.42 | W70: 1.362 | X70: 275 | Y70: 195 | Z70: 0.6 | AA70: 7000 | AB70: 7500 | AC70: 11 | AD70: 0 | AE70: -0.04 | AF70: 0.1
A71: Mitsubishi Lancer Evolution X | B71: 0.4 | C71: 1.285 | D71: -1.258 | E71: =C71+(-1*D71) -> 2.543 | F71: 1.48 | G71: 1.48 | H71: =AVERAGE(F71:G71) -> 1.48 | I71: 6 | J71: 0.3 | K71: 50 | L71: 0.3 | M71: 2 | N71: =L71*M71 -> 0.6 | O71: 0.29 | P71: 2 | Q71: =O71*P71 -> 0.58 | R71: 0.28 | S71: 2 | T71: =R71*S71 -> 0.56 | U71: 0 | V71: 0.493 | W71: 1.417 | X71: 296 | Y71: 134 | Z71: 0.5 | AA71: 7000 | AB71: 7800 | AC71: 1 | AD71: 0 | AE71: -0.03 | AF71: 0.1
A72: Subaru Impreza WRX STI GD | B72: 0.36 | C72: 1.22 | D72: -1.36 | E72: =C72+(-1*D72) -> 2.58 | F72: 1.54 | G72: 1.54 | H72: =AVERAGE(F72:G72) -> 1.54 | I72: 6 | J72: 0.3 | K72: 50 | L72: 0.3 | M72: 2 | N72: =L72*M72 -> 0.6 | O72: 0.29 | P72: 2 | Q72: =O72*P72 -> 0.58 | R72: 0.28 | S72: 2 | T72: =R72*S72 -> 0.56 | U72: 0 | V72: 0.529 | W72: 1.296 | X72: 276 | Y72: 204 | Z72: 0.5 | AA72: 7000 | AB72: 8000 | AC72: 1 | AD72: 0 | AE72: -0.02 | AF72: 0.1
A73: Nissan Skyline R33 GT-R | B73: 0.44 | C73: 1.4 | D73: -1.35 | E73: =C73+(-1*D73) -> 2.75 | F73: 1.52 | G73: 1.547 | H73: =AVERAGE(F73:G73) -> 1.5335 | I73: 5 | J73: 0.3 | K73: 50 | L73: 0.3 | M73: 2 | N73: =L73*M73 -> 0.6 | O73: 0.29 | P73: 2 | Q73: =O73*P73 -> 0.58 | R73: 0.28 | S73: 2 | T73: =R73*S73 -> 0.56 | U73: 0 | V73: 0.542 | W73: 1.477 | X73: 296 | Y73: 280 | Z73: 0.6 | AA73: 7000 | AB73: 7800 | AC73: 1 | AD73: 0 | AE73: 0.07 | AF73: 0.16
A74: BMW M3 E92 GTS | B74: 0.32 | C74: 1.5 | D74: -1.253 | E74: =C74+(-1*D74) -> 2.753 | F74: 1.54 | G74: 1.53 | H74: =AVERAGE(F74:G74) -> 1.535 | I74: 6 | J74: 0.5 | K74: 50 | L74: 0.3 | M74: 2 | N74: =L74*M74 -> 0.6 | O74: 0.29 | P74: 2 | Q74: =O74*P74 -> 0.58 | R74: 0.28 | S74: 2 | T74: =R74*S74 -> 0.56 | U74: 0 | V74: 0.372 | W74: 1.411 | X74: 342 | Y74: 135 | Z74: 0.65 | AA74: 7000 | AB74: 6800 | AC74: 1 | AD74: 0 | AE74: 0.08 | AF74: 0.18
A75: Chevrolet Camaro 2016 | B75: 0.34 | C75: 1.59 | D75: -1.215 | E75: =C75+(-1*D75) -> 2.805 | F75: 1.55 | G75: 1.55 | H75: =AVERAGE(F75:G75) -> 1.55 | I75: 6 | J75: 0.3 | K75: 50 | L75: 0.3 | M75: 2 | N75: =L75*M75 -> 0.6 | O75: 0.29 | P75: 2 | Q75: =O75*P75 -> 0.58 | R75: 0.28 | S75: 2 | T75: =R75*S75 -> 0.56 | U75: 0 | V75: 0.446 | W75: 1.714 | X75: 354 | Y75: 193 | Z75: NA | AA75: 7000 | AB75: 6400 | AC75: 1 | AD75: 0 | AE75: 0.16 | AF75: 0.4
A76: Mercedes-Benz C63 AMG Coupé | B76: 0.47 | C76: 1.61 | D76: -1.12 | E76: =C76+(-1*D76) -> 2.73 | F76: 1.52 | G76: 1.5 | H76: =AVERAGE(F76:G76) -> 1.51 | I76: 7 | J76: 0.5 | K76: 50 | L76: 0.3 | M76: 2 | N76: =L76*M76 -> 0.6 | O76: 0.29 | P76: 2 | Q76: =O76*P76 -> 0.58 | R76: 0.28 | S76: 2 | T76: =R76*S76 -> 0.56 | U76: 0 | V76: 0.479 | W76: 1.59 | X76: 421 | Y76: 367 | Z76: 0.6 | AA76: 7000 | AB76: 6800 | AC76: 1 | AD76: 0 | AE76: 0.1 | AF76: 0.2
A77: Mitsubishi Lancer Evolution VI | B77: 0.46 | C77: 1.42 | D77: -1.08 | E77: =C77+(-1*D77) -> 2.5 | F77: 1.51 | G77: 1.505 | H77: =AVERAGE(F77:G77) -> 1.5075 | I77: 6 | J77: 0.3 | K77: 50 | L77: 0.3 | M77: 2 | N77: =L77*M77 -> 0.6 | O77: 0.29 | P77: 2 | Q77: =O77*P77 -> 0.58 | R77: 0.28 | S77: 2 | T77: =R77*S77 -> 0.56 | U77: 0 | V77: 0.482 | W77: 1.558 | X77: 280 | Y77: 170 | Z77: 1.1 | AA77: 7000 | AB77: 7600 | AC77: 1 | AD77: 0 | AE77: -0.04 | AF77: 0.1
A78: BMW M5 E34 | B78: 0.45 | C78: 1.55 | D78: -1.26 | E78: =C78+(-1*D78) -> 2.81 | F78: 1.474 | G78: 1.496 | H78: =AVERAGE(F78:G78) -> 1.485 | I78: 5 | J78: 0.3 | K78: 50 | L78: 0.3 | M78: 2 | N78: =L78*M78 -> 0.6 | O78: 0.29 | P78: 2 | Q78: =O78*P78 -> 0.58 | R78: 0.28 | S78: 2 | T78: =R78*S78 -> 0.56 | U78: 0 | V78: 0.544 | W78: 1.583 | X78: 340 | Y78: 151 | Z78: NA | AA78: 7000 | AB78: 6900 | AC78: 1 | AD78: 0 | AE78: 0 | AF78: 0
A79: Infinity Q60 | B79: 0.48 | C79: 1.48 | D79: -1.38 | E79: =C79+(-1*D79) -> 2.86 | F79: 1.35 | G79: 1.38 | H79: =AVERAGE(F79:G79) -> 1.365 | I79: 7 | J79: 0.3 | K79: 50 | L79: 0.3 | M79: 2 | N79: =L79*M79 -> 0.6 | O79: 0.29 | P79: 2 | Q79: =O79*P79 -> 0.58 | R79: 0.28 | S79: 2 | T79: =R79*S79 -> 0.56 | U79: 0 | V79: 0.605 | W79: 1.53 | X79: 400 | Y79: 195 | Z79: 0.5 | AA79: 7000 | AB79: 6800 | AC79: 1 | AD79: 0 | AE79: 0.1 | AF79: 0.2
A80: Toyota Yaris | B80: 0.44 | C80: 1.27 | D80: -1.3 | E80: =C80+(-1*D80) -> 2.57 | F80: 1.63 | G80: 1.7 | H80: =AVERAGE(F80:G80) -> 1.665 | I80: 6 | J80: 0.3 | K80: 50 | L80: 0.3 | M80: 2 | N80: =L80*M80 -> 0.6 | O80: 0.29 | P80: 2 | Q80: =O80*P80 -> 0.58 | R80: 0.28 | S80: 2 | T80: =R80*S80 -> 0.56 | U80: 0 | V80: 0.604 | W80: 1.362 | X80: 270 | Y80: 120 | Z80: 1 | AA80: 7000 | AB80: 7200 | AC80: 1 | AD80: 0 | AE80: -0.06 | AF80: 0.04
A81: BMW 850 CSi E31 | B81: 0.375 | C81: 1.37 | D81: -1.32 | E81: =C81+(-1*D81) -> 2.69 | F81: 1.555 | G81: 1.56 | H81: =AVERAGE(F81:G81) -> 1.5575 | I81: 6 | J81: 0.3 | K81: 50 | L81: 0.3 | M81: 2 | N81: =L81*M81 -> 0.6 | O81: 0.29 | P81: 2 | Q81: =O81*P81 -> 0.58 | R81: 0.28 | S81: 2 | T81: =R81*S81 -> 0.56 | U81: 0 | V81: 0.411 | W81: 1.485 | X81: 381 | Y81: 155 | Z81: NA | AA81: 7000 | AB81: 6400 | AC81: 1 | AD81: 0 | AE81: 0.18 | AF81: 0.53
A82: Toyota Supra A90 | B82: 0.43 | C82: 1.23 | D82: -1.26 | E82: =C82+(-1*D82) -> 2.49 | F82: 1.58 | G82: 1.56 | H82: =AVERAGE(F82:G82) -> 1.57 | I82: 8 | J82: 0.5 | K82: 50 | L82: 0.3 | M82: 2 | N82: =L82*M82 -> 0.6 | O82: 0.29 | P82: 2 | Q82: =O82*P82 -> 0.58 | R82: 0.28 | S82: 2 | T82: =R82*S82 -> 0.56 | U82: 0 | V82: 0.458 | W82: 1.169 | X82: 333 | Y82: 140 | Z82: 0.75 | AA82: 7000 | AB82: 7000 | AC82: 1 | AD82: 0 | AE82: 0.08 | AF82: 0.18
A83: Ford Mustang Shelby GT350 | B83: 0.415 | C83: 1.484 | D83: -1.278 | E83: =C83+(-1*D83) -> 2.762 | F83: 1.65 | G83: 1.66 | H83: =AVERAGE(F83:G83) -> 1.655 | I83: 6 | J83: 0.5 | K83: 50 | L83: 0.3 | M83: 2 | N83: =L83*M83 -> 0.6 | O83: 0.29 | P83: 2 | Q83: =O83*P83 -> 0.58 | R83: 0.28 | S83: 2 | T83: =R83*S83 -> 0.56 | U83: 0 | V83: 0.484 | W83: 1.529 | X83: 376 | Y83: 195 | Z83: NA | AA83: 7000 | AB83: 7200 | AC83: 1 | AD83: 0 | AE83: 0.14 | AF83: 0.42
A84: Mazda RX-7 FD3S | B84: 0.43 | C84: 1.305 | D84: -1.114 | E84: =C84+(-1*D84) -> 2.419 | F84: 1.45 | G84: 1.45 | H84: =AVERAGE(F84:G84) -> 1.45 | I84: 5 | J84: 0.5 | K84: 50 | L84: 0.3 | M84: 2 | N84: =L84*M84 -> 0.6 | O84: 0.29 | P84: 2 | Q84: =O84*P84 -> 0.58 | R84: 0.28 | S84: 2 | T84: =R84*S84 -> 0.56 | U84: 0 | V84: 0.46 | W84: 1.286 | X84: 280 | Y84: 120 | Z84: 0.41 | AA84: 7000 | AB84: 8300 | AC84: 1 | AD84: 0 | AE84: -0.06 | AF84: 0.03
A85: Audi RS6 Avant (C7) | B85: 0.45 | C85: 1.56 | D85: -1.36 | E85: =C85+(-1*D85) -> 2.92 | F85: 1.64 | G85: 1.64 | H85: =AVERAGE(F85:G85) -> 1.64 | I85: 8 | J85: 0.5 | K85: 50 | L85: 0.3 | M85: 2 | N85: =L85*M85 -> 0.6 | O85: 0.29 | P85: 2 | Q85: =O85*P85 -> 0.58 | R85: 0.28 | S85: 2 | T85: =R85*S85 -> 0.56 | U85: 0 | V85: 0.483 | W85: 1.512 | X85: 436 | Y85: 190 | Z85: 0.6 | AA85: 7000 | AB85: 6700 | AC85: 1 | AD85: 0 | AE85: 0.1 | AF85: 0.2
A86: Audi RS7 | B86: 0.46 | C86: 1.5 | D86: -1.428 | E86: =C86+(-1*D86) -> 2.928 | F86: 1.38 | G86: 1.36 | H86: =AVERAGE(F86:G86) -> 1.37 | I86: 8 | J86: 0.3 | K86: 50 | L86: 0.3 | M86: 2 | N86: =L86*M86 -> 0.6 | O86: 0.29 | P86: 2 | Q86: =O86*P86 -> 0.58 | R86: 0.28 | S86: 2 | T86: =R86*S86 -> 0.56 | U86: 0 | V86: 0.645 | W86: 1.603 | X86: 468 | Y86: 190 | Z86: 0.6 | AA86: 7000 | AB86: 6700 | AC86: 1 | AD86: 0 | AE86: 0.1 | AF86: 0.2
A87: Dodge Challenger SRT | B87: 0.36 | C87: 1.528 | D87: -1.406 | E87: =C87+(-1*D87) -> 2.934 | F87: 1.63 | G87: 1.62 | H87: =AVERAGE(F87:G87) -> 1.625 | I87: 6 | J87: 0.5 | K87: 50 | L87: 0.3 | M87: 2 | N87: =L87*M87 -> 0.6 | O87: 0.29 | P87: 2 | Q87: =O87*P87 -> 0.58 | R87: 0.28 | S87: 2 | T87: =R87*S87 -> 0.56 | U87: 0 | V87: 0.408 | W87: 1.511 | X87: 427 | Y87: 245 | Z87: NA | AA87: 7000 | AB87: 7250 | AC87: 1 | AD87: 0 | AE87: 0.16 | AF87: 0.51
A88: BMW M4 F82 | B88: 0.435 | C88: 1.526 | D88: -1.298 | E88: =C88+(-1*D88) -> 2.824 | F88: 1.57 | G88: 1.6 | H88: =AVERAGE(F88:G88) -> 1.585 | I88: 6 | J88: 0.5 | K88: 50 | L88: 0.3 | M88: 2 | N88: =L88*M88 -> 0.6 | O88: 0.29 | P88: 2 | Q88: =O88*P88 -> 0.58 | R88: 0.28 | S88: 2 | T88: =R88*S88 -> 0.56 | U88: 0 | V88: 0.548 | W88: 1.497 | X88: 357 | Y88: 140 | Z88: 0.75 | AA88: 7000 | AB88: 7000 | AC88: 1 | AD88: 0 | AE88: 0.08 | AF88: 0.15
A89: BMW Z4 E86 | B89: 0.4 | C89: 1.231 | D89: -1.24 | E89: =C89+(-1*D89) -> 2.471 | F89: 1.335 | G89: 1.35 | H89: =AVERAGE(F89:G89) -> 1.3425 | I89: 6 | J89: 0.3 | K89: 50 | L89: 0.3 | M89: 2 | N89: =L89*M89 -> 0.6 | O89: 0.29 | P89: 2 | Q89: =O89*P89 -> 0.58 | R89: 0.28 | S89: 2 | T89: =R89*S89 -> 0.56 | U89: 0 | V89: 0.524 | W89: 1.209 | X89: 344 | Y89: 220 | Z89: NA | AA89: 700 | AB89: 8000 | AC89: 1 | AD89: 0 | AE89: 0.09 | AF89: 0.3
A90: BMW M5 E60 | B90: 0.45 | C90: 1.57 | D90: -1.34 | E90: =C90+(-1*D90) -> 2.91 | F90: 1.55 | G90: 1.57 | H90: =AVERAGE(F90:G90) -> 1.56 | I90: 6 | J90: 0.3 | K90: 50 | L90: 0.3 | M90: 2 | N90: =L90*M90 -> 0.6 | O90: 0.29 | P90: 2 | Q90: =O90*P90 -> 0.58 | R90: 0.28 | S90: 2 | T90: =R90*S90 -> 0.56 | U90: 0 | V90: 0.5 | W90: 1.64 | X90: 411 | Y90: 240 | Z90: NA | AA90: 7000 | AB90: 8250 | AC90: 1 | AD90: 0 | AE90: 0.17 | AF90: 0.42
A91: HSV Maloo R8 E Series | B91: 0.51 | C91: 1.528 | D91: -1.638 | E91: =C91+(-1*D91) -> 3.166 | F91: 1.57 | G91: 1.57 | H91: =AVERAGE(F91:G91) -> 1.57 | I91: 6 | J91: 0.3 | K91: 50 | L91: 0.3 | M91: 2 | N91: =L91*M91 -> 0.6 | O91: 0.29 | P91: 2 | Q91: =O91*P91 -> 0.58 | R91: 0.28 | S91: 2 | T91: =R91*S91 -> 0.56 | U91: 0 | V91: 0.577 | W91: 1.378 | X91: 431 | Y91: 240 | Z91: NA | AA91: 7000 | AB91: 6500 | AC91: 1 | AD91: 0 | AE91: 0.16 | AF91: 0.52
A92: BMW M2 F87 | B92: 0.385 | C92: 1.43 | D92: -1.27 | E92: =C92+(-1*D92) -> 2.7 | F92: 1.58 | G92: 1.57 | H92: =AVERAGE(F92:G92) -> 1.575 | I92: 6 | J92: 0.5 | K92: 50 | L92: 0.3 | M92: 2 | N92: =L92*M92 -> 0.6 | O92: 0.29 | P92: 2 | Q92: =O92*P92 -> 0.58 | R92: 0.28 | S92: 2 | T92: =R92*S92 -> 0.56 | U92: 0 | V92: 0.378 | W92: 1.491 | X92: 371 | Y92: 194 | Z92: 1.16 | AA92: 7000 | AB92: 7500 | AC92: 1 | AD92: 0 | AE92: 0.1 | AF92: 0.2
A93: BMW M5 F90 | B93: 0.47 | C93: 1.59 | D93: -1.39 | E93: =C93+(-1*D93) -> 2.98 | F93: 1.26 | G93: 1.26 | H93: =AVERAGE(F93:G93) -> 1.26 | I93: 8 | J93: 0.3 | K93: 50 | L93: 0.3 | M93: 2 | N93: =L93*M93 -> 0.6 | O93: 0.29 | P93: 2 | Q93: =O93*P93 -> 0.58 | R93: 0.28 | S93: 2 | T93: =R93*S93 -> 0.56 | U93: 0 | V93: 0.537 | W93: 1.621 | X93: 454 | Y93: 229 | Z93: 1.5 | AA93: 7000 | AB93: 8250 | AC93: 1 | AD93: 0 | AE93: 0.14 | AF93: 0.34
A94: Nissan Skyline R35 GT-R | B94: 0.41 | C94: 1.357 | D94: -1.366 | E94: =C94+(-1*D94) -> 2.723 | F94: 1.62 | G94: 1.63 | H94: =AVERAGE(F94:G94) -> 1.625 | I94: 6 | J94: 0.5 | K94: 50 | L94: 0.3 | M94: 2 | N94: =L94*M94 -> 0.6 | O94: 0.29 | P94: 2 | Q94: =O94*P94 -> 0.58 | R94: 0.28 | S94: 2 | T94: =R94*S94 -> 0.56 | U94: 0 | V94: 0.501 | W94: 1.273 | X94: 409 | Y94: 276 | Z94: 0.75 | AA94: 7000 | AB94: 7500 | AC94: 1 | AD94: 0 | AE94: 0.12 | AF94: 0.28
A95: Porsche 911 997 | B95: 0.43 | C95: 1.18 | D95: -1.2 | E95: =C95+(-1*D95) -> 2.38 | F95: 1.26 | G95: 1.25 | H95: =AVERAGE(F95:G95) -> 1.255 | I95: 6 | J95: 0.3 | K95: 50 | L95: 0.3 | M95: 2 | N95: =L95*M95 -> 0.6 | O95: 0.29 | P95: 2 | Q95: =O95*P95 -> 0.58 | R95: 0.28 | S95: 2 | T95: =R95*S95 -> 0.56 | U95: 0 | V95: 0.611 | W95: -1.274 | X95: 355 | Y95: 230 | Z95: 1 | AA95: 7000 | AB95: 7300 | AC95: 1 | AD95: 0 | AE95: 0.11 | AF95: 0.26
A96: Acura NSX | B96: 0.38 | C96: 1.344 | D96: -1.22 | E96: =C96+(-1*D96) -> 2.564 | F96: 1.51 | G96: 1.53 | H96: =AVERAGE(F96:G96) -> 1.52 | I96: 6 | J96: 0.5 | K96: 50 | L96: 0.3 | M96: 2 | N96: =L96*M96 -> 0.6 | O96: 0.29 | P96: 2 | Q96: =O96*P96 -> 0.58 | R96: 0.28 | S96: 2 | T96: =R96*S96 -> 0.56 | U96: 0 | V96: 0.519 | W96: -1.236 | X96: 295 | Y96: 200 | Z96: NA | AA96: 7000 | AB96: 8000 | AC96: 1 | AD96: 0 | AE96: 0.11 | AF96: 0.22
A97: Chevrolet Chevelle | B97: 0.4 | C97: 1.56 | D97: -1.32 | E97: =C97+(-1*D97) -> 2.88 | F97: 1.37 | G97: 1.37 | H97: =AVERAGE(F97:G97) -> 1.37 | I97: 4 | J97: 0.3 | K97: 50 | L97: 0.3 | M97: 2 | N97: =L97*M97 -> 0.6 | O97: 0.29 | P97: 2 | Q97: =O97*P97 -> 0.58 | R97: 0.28 | S97: 2 | T97: =R97*S97 -> 0.56 | U97: 0 | V97: 0.568 | W97: 1.563 | X97: 421 | Y97: 270 | Z97: NA | AA97: 7000 | AB97: 6200 | AC97: 1 | AD97: 0 | AE97: 0 | AF97: 0
A98: Chevrolet Camaro Z28 1970 | B98: 0.53 | C98: 1.3 | D98: -1.43 | E98: =C98+(-1*D98) -> 2.73 | F98: 1.53 | G98: 1.48 | H98: =AVERAGE(F98:G98) -> 1.505 | I98: 3 | J98: 0.3 | K98: 50 | L98: 0.3 | M98: 2 | N98: =L98*M98 -> 0.6 | O98: 0.29 | P98: 2 | Q98: =O98*P98 -> 0.58 | R98: 0.28 | S98: 2 | T98: =R98*S98 -> 0.56 | U98: 0 | V98: 0.57 | W98: 1.109 | X98: 360 | Y98: 242 | Z98: NA | AA98: 7000 | AB98: 7500 | AC98: 1 | AD98: 0 | AE98: 0.14 | AF98: 0.47
A99: Chevrolet Corvette C6 | B99: 0.43 | C99: 1.285 | D99: -1.395 | E99: =C99+(-1*D99) -> 2.68 | F99: 1.59 | G99: 1.56 | H99: =AVERAGE(F99:G99) -> 1.575 | I99: 6 | J99: 0.5 | K99: 50 | L99: 0.3 | M99: 2 | N99: =L99*M99 -> 0.6 | O99: 0.29 | P99: 2 | Q99: =O99*P99 -> 0.58 | R99: 0.28 | S99: 2 | T99: =R99*S99 -> 0.56 | U99: 0 | V99: 0.443 | W99: 1.218 | X99: 392 | Y99: 201 | Z99: NA | AA99: 7000 | AB99: 7000 | AC99: 1 | AD99: 0 | AE99: 0.15 | AF99: 0.5
A100: Chevrolet Corvette C7 | B100: 0.38 | C100: 1.338 | D100: -1.378 | E100: =C100+(-1*D100) -> 2.716 | F100: 1.6 | G100: 1.52 | H100: =AVERAGE(F100:G100) -> 1.56 | I100: 8 | J100: 0.3 | K100: 50 | L100: 0.3 | M100: 2 | N100: =L100*M100 -> 0.6 | O100: 0.29 | P100: 2 | Q100: =O100*P100 -> 0.58 | R100: 0.28 | S100: 2 | T100: =R100*S100 -> 0.56 | U100: 0 | V100: 0.473 | W100: 1.307 | X100: 429 | Y100: 267 | Z100: NA | AA100: 7000 | AB100: 6400 | AC100: 1 | AD100: 0 | AE100: 0.16 | AF100: 0.4
...
